ordernum,quant,region,store,saledate,dep,item,unitsold,unitprice,employeeID
0,14,Central US,Central US Store 66,2019-04-18,Electronics,Speakers,3,200,92644663
1,99,Central US,Central US Store 66,2019-07-13,Electronics,Tablets,4,300,12485813
2,5,Central US,Central US Store 66,2019-02-09,Electronics,Tablets,3,300,83721680
3,30,Central US,Central US Store 66,2019-01-23,Clothing,Swimwear,4,12,64347834
4,60,Central US,Central US Store 66,2019-05-25,Baby,Diaper bags,10,15,99307389
5,98,Central US,Central US Store 66,2019-04-19,Clothing,Womens,6,12,38515548
6,1,Central US,Central US Store 66,2019-07-14,Clothing,Kids,11,25,35606248
7,98,Central US,Central US Store 66,2019-07-05,Electronics,Cell Phones,4,50,85983168
8,9,Central US,Central US Store 66,2019-06-12,Clothing,Mens,5,25,56355909
9,43,Central US,Central US Store 66,2019-05-19,Electronics,Televisions,3,50,33638569
10,30,Central US,Central US Store 66,2019-01-20,Clothing,Shoes,5,25,51181765
11,45,Central US,Central US Store 66,2019-05-09,Beauty/Health,Feminine Products,8,10,24891586
12,77,Central US,Central US Store 66,2019-03-18,Clothing,Baby,7,13,49770042
13,6,Central US,Central US Store 66,2019-06-27,Baby,Car seats,11,5,49099904
14,11,Central US,Central US Store 66,2019-05-23,Furniture,Indoor tables,6,75,97188604
15,97,Central US,Central US Store 66,2019-04-12,Beauty/Health,Feminine Products,5,10,19976489
16,98,Central US,Central US Store 66,2019-03-03,Furniture,Beds,3,40,87586934
17,101,Central US,Central US Store 66,2019-04-12,Furniture,Indoor seating,5,75,23228504
18,10,Central US,Central US Store 66,2019-06-03,Clothing,Womens,6,20,66610595
19,26,Central US,Central US Store 66,2019-07-11,Furniture,Pool furniture,6,15,63687591
20,81,Central US,Central US Store 66,2019-03-13,Furniture,Patio furniture,6,40,42858324
21,63,Central US,Central US Store 66,2019-01-04,Furniture,Beds,3,100,63997158
22,69,Central US,Central US Store 66,2019-05-12,Beauty/Health,Bath,12,10,71913231
23,94,Central US,Central US Store 66,2019-02-09,Furniture,Patio furniture,6,15,42023185
24,12,Central US,Central US Store 66,2019-06-26,Electronics,Computers,4,50,84849008
25,79,Central US,Central US Store 66,2019-06-07,Electronics,Televisions,4,100,58793843
26,6,Central US,Central US Store 66,2019-03-11,Electronics,Tablets,3,100,13965883
27,28,Central US,Central US Store 66,2019-05-15,Clothing,Shoes,12,10,25567016
28,60,Central US,Central US Store 66,2019-02-05,Electronics,Headphones,3,100,81326526
29,95,Central US,Central US Store 66,2019-01-24,Electronics,Cell Phones,3,300,26951458
30,63,Central US,Central US Store 66,2019-05-18,Clothing,Kids,8,20,32729663
31,59,Central US,Central US Store 66,2019-01-29,Baby,Diapers,7,10,40478148
32,28,Central US,Central US Store 66,2019-04-20,Beauty/Health,Fragrances,8,14,11093586
33,36,Central US,Central US Store 66,2019-04-15,Beauty/Health,Oral care,12,15,32343737
34,9,Central US,Central US Store 66,2019-03-27,Beauty/Health,Oral care,5,6,74194276
35,50,Central US,Central US Store 66,2019-03-08,Electronics,Tablets,3,200,19654291
36,66,Central US,Central US Store 66,2019-06-14,Beauty/Health,Fragrances,11,15,68778097
37,76,Central US,Central US Store 66,2019-01-15,Electronics,Computers,4,300,27025885
38,70,Central US,Central US Store 66,2019-04-12,Baby,Car seats,10,30,16889428
39,31,Central US,Central US Store 66,2019-04-17,Baby,Baby toys,6,15,48848155
40,101,Central US,Central US Store 66,2019-06-16,Electronics,Speakers,3,200,34244769
41,81,Central US,Central US Store 66,2019-03-15,Baby,Diapers,4,5,39397705
42,50,Central US,Central US Store 66,2019-06-24,Clothing,Swimwear,8,20,59350218
43,95,Central US,Central US Store 66,2019-01-13,Beauty/Health,Skincare,7,14,12957419
44,100,Central US,Central US Store 66,2019-07-12,Clothing,Baby,12,10,91516607
45,99,Central US,Central US Store 66,2019-06-28,Electronics,Tablets,3,300,74987949
46,11,Central US,Central US Store 66,2019-06-23,Furniture,Beds,11,15,45834127
47,49,Central US,Central US Store 66,2019-01-15,Baby,Strollers,4,5,40559569
48,21,Central US,Central US Store 66,2019-06-21,Electronics,Headphones,4,100,98342614
49,20,Central US,Central US Store 66,2019-06-21,Clothing,Baby,5,10,14644216
50,20,Central US,Central US Store 66,2019-04-16,Baby,Baby toys,8,15,55669777
51,27,Central US,Central US Store 66,2019-04-16,Furniture,Patio furniture,5,30,72689258
52,7,Central US,Central US Store 66,2019-01-12,Baby,Diapers,3,12,40224168
53,96,Central US,Central US Store 66,2019-03-01,Beauty/Health,Oral care,7,6,84097031
54,26,Central US,Central US Store 66,2019-03-14,Beauty/Health,Oral care,4,14,87371637
55,47,Central US,Central US Store 66,2019-05-15,Beauty/Health,Haircare,5,6,92465474
56,7,Central US,Central US Store 66,2019-07-04,Electronics,Speakers,4,200,45359692
57,100,Central US,Central US Store 66,2019-05-29,Baby,Diaper bags,7,5,86699722
58,14,Central US,Central US Store 66,2019-03-25,Furniture,Indoor seating,4,15,65643526
59,75,Central US,Central US Store 66,2019-03-09,Beauty/Health,Skincare,7,6,51894062
60,24,Central US,Central US Store 66,2019-03-08,Furniture,Indoor seating,7,75,80348675
61,100,Central US,Central US Store 66,2019-04-23,Baby,Car seats,6,30,71583086
62,35,Central US,Central US Store 66,2019-01-30,Electronics,Televisions,3,200,24794579
63,35,Central US,Central US Store 66,2019-03-26,Clothing,Womens,7,25,18883777
64,73,Central US,Central US Store 66,2019-05-21,Furniture,Indoor seating,5,30,41381348
65,29,Central US,Central US Store 66,2019-04-20,Baby,Strollers,8,12,50769005
66,54,Central US,Central US Store 66,2019-04-04,Clothing,Baby,3,25,61730845
67,72,Central US,Central US Store 66,2019-06-01,Baby,Car seats,11,5,65001434
68,67,Central US,Central US Store 66,2019-05-06,Clothing,Kids,6,13,64559412
69,2,Central US,Central US Store 66,2019-03-17,Clothing,Womens,6,12,41014393
70,59,Central US,Central US Store 66,2019-05-19,Clothing,Mens,12,13,60548612
71,87,Central US,Central US Store 66,2019-06-24,Clothing,Mens,11,25,28948020
72,84,Central US,Central US Store 66,2019-03-16,Furniture,Pool furniture,4,40,40028452
73,89,Central US,Central US Store 66,2019-01-21,Furniture,Pool furniture,3,15,42882280
74,19,Central US,Central US Store 66,2019-04-03,Beauty/Health,Oral care,5,10,40202363
75,79,Central US,Central US Store 66,2019-04-01,Beauty/Health,Haircare,3,15,10152280
76,93,Central US,Central US Store 66,2019-03-17,Baby,Baby toys,5,30,48501218
77,65,Central US,Central US Store 66,2019-02-22,Furniture,Beds,7,30,93956408
78,49,Central US,Central US Store 66,2019-02-03,Electronics,Tablets,4,50,41270633
79,95,Central US,Central US Store 66,2019-03-29,Beauty/Health,Oral care,4,10,90672160
80,87,Central US,Central US Store 66,2019-01-27,Furniture,Indoor tables,7,40,83140970
81,87,Central US,Central US Store 66,2019-01-19,Clothing,Shoes,4,13,52379968
82,11,Central US,Central US Store 66,2019-02-22,Clothing,Mens,3,25,81877112
83,98,Central US,Central US Store 66,2019-02-16,Baby,Car seats,7,10,57655682
84,44,Central US,Central US Store 66,2019-04-07,Baby,Diapers,6,15,51095703
85,95,Central US,Central US Store 66,2019-01-09,Baby,Diapers,7,10,67273081
86,97,Central US,Central US Store 66,2019-06-24,Electronics,Speakers,4,300,47375782
87,93,Central US,Central US Store 66,2019-05-29,Baby,Cribs,12,30,49334038
88,11,Central US,Central US Store 66,2019-07-05,Beauty/Health,Oral care,9,14,59634682
89,95,Central US,Central US Store 66,2019-01-31,Baby,Diaper bags,3,15,11599972
90,8,Central US,Central US Store 66,2019-04-19,Electronics,Speakers,3,100,71951908
91,94,Central US,Central US Store 66,2019-04-24,Clothing,Kids,5,20,32690057
92,71,Central US,Central US Store 66,2019-07-04,Baby,Car seats,7,12,95350165
93,50,Central US,Central US Store 66,2019-01-18,Baby,Diapers,4,10,42991503
94,24,Central US,Central US Store 66,2019-04-04,Beauty/Health,Feminine Products,3,14,41068109
95,52,Central US,Central US Store 66,2019-02-26,Beauty/Health,Makeup,7,10,44056787
96,96,Central US,Central US Store 66,2019-01-17,Beauty/Health,Haircare,4,10,25355112
97,83,Central US,Central US Store 66,2019-06-01,Beauty/Health,Feminine Products,12,10,80736538
98,87,Central US,Central US Store 66,2019-07-06,Clothing,Baby,7,25,52916107
99,2,Central US,Central US Store 66,2019-01-08,Beauty/Health,Makeup,4,10,95788438
100,32,Central US,Central US Store 66,2019-03-19,Baby,Car seats,6,15,64183836
101,25,Central US,Central US Store 66,2019-01-24,Beauty/Health,Makeup,7,14,36597176
102,100,Central US,Central US Store 66,2019-01-06,Baby,Cribs,5,30,87974449
103,1,Central US,Central US Store 66,2019-01-04,Baby,Strollers,6,10,16610716
104,96,Central US,Central US Store 66,2019-03-20,Furniture,Indoor tables,5,30,39561315
105,60,Central US,Central US Store 66,2019-04-06,Electronics,Televisions,3,200,95979796
106,70,Central US,Central US Store 66,2019-04-28,Furniture,Indoor tables,12,40,76975807
107,24,Central US,Central US Store 66,2019-02-04,Beauty/Health,Oral care,6,15,22536913
108,70,Central US,Central US Store 66,2019-07-11,Clothing,Mens,11,20,42385192
109,39,Central US,Central US Store 66,2019-04-08,Clothing,Mens,5,10,45756759
110,5,Central US,Central US Store 66,2019-06-25,Furniture,Patio furniture,5,40,69115555
111,35,Central US,Central US Store 66,2019-07-10,Clothing,Baby,7,25,50361866
112,63,Central US,Central US Store 66,2019-02-27,Furniture,Beds,5,15,50498610
113,9,Central US,Central US Store 66,2019-02-21,Electronics,Speakers,3,200,77884621
114,46,Central US,Central US Store 66,2019-07-07,Furniture,Patio furniture,9,15,79960489
115,76,Central US,Central US Store 66,2019-06-02,Furniture,Patio furniture,8,30,80963061
116,20,Central US,Central US Store 66,2019-06-23,Furniture,Beds,10,75,79112055
117,73,Central US,Central US Store 66,2019-03-03,Electronics,Tablets,3,200,50749230
118,99,Central US,Central US Store 66,2019-02-21,Electronics,Tablets,4,200,39919623
119,35,Central US,Central US Store 66,2019-06-12,Furniture,Beds,6,40,73454667
120,43,Central US,Central US Store 66,2019-05-09,Baby,Cribs,5,12,11391667
121,73,Central US,Central US Store 66,2019-03-23,Beauty/Health,Oral care,7,6,44226151
122,9,Central US,Central US Store 66,2019-03-19,Clothing,Womens,6,12,20542880
123,98,Central US,Central US Store 66,2019-01-02,Electronics,Cell Phones,3,200,39896889
124,4,Central US,Central US Store 66,2019-05-21,Baby,Diapers,5,10,85081342
125,40,Central US,Central US Store 66,2019-02-27,Furniture,Indoor seating,5,75,54609719
126,97,Central US,Central US Store 66,2019-04-19,Clothing,Kids,5,20,99776932
127,60,Central US,Central US Store 66,2019-02-16,Furniture,Patio furniture,4,75,32230476
128,40,Central US,Central US Store 66,2019-02-23,Furniture,Indoor tables,4,100,44634469
129,77,Central US,Central US Store 66,2019-01-25,Baby,Strollers,3,30,60646403
130,45,Central US,Central US Store 66,2019-02-10,Clothing,Swimwear,4,13,90956947
131,33,Central US,Central US Store 66,2019-06-21,Beauty/Health,Bath,9,15,84609732
132,20,Central US,Central US Store 66,2019-02-14,Electronics,Speakers,3,300,48573041
133,79,Central US,Central US Store 66,2019-06-27,Beauty/Health,Haircare,9,14,20818035
134,89,Central US,Central US Store 66,2019-03-09,Clothing,Womens,4,20,53266911
135,81,Central US,Central US Store 66,2019-06-02,Clothing,Mens,7,13,58952570
136,88,Central US,Central US Store 66,2019-07-12,Baby,Diaper bags,9,15,42056643
137,15,Central US,Central US Store 66,2019-04-23,Furniture,Patio furniture,9,75,46820735
138,73,Central US,Central US Store 66,2019-04-27,Clothing,Mens,10,25,39875550
139,69,Central US,Central US Store 66,2019-02-21,Baby,Diaper bags,5,15,24767772
140,77,Central US,Central US Store 66,2019-06-06,Electronics,Cell Phones,3,50,39572294
141,90,Central US,Central US Store 66,2019-05-28,Electronics,Cell Phones,4,100,80916224
142,79,Central US,Central US Store 66,2019-06-28,Furniture,Pool furniture,11,30,73757194
143,48,Central US,Central US Store 66,2019-02-18,Electronics,Tablets,3,50,80735447
144,64,Central US,Central US Store 66,2019-05-20,Baby,Baby toys,11,12,17666311
145,100,Central US,Central US Store 66,2019-06-04,Clothing,Kids,9,25,79746758
146,32,Central US,Central US Store 66,2019-04-27,Electronics,Tablets,3,100,74596751
147,38,Central US,Central US Store 66,2019-01-24,Beauty/Health,Skincare,3,10,30092635
148,20,Central US,Central US Store 66,2019-07-01,Baby,Strollers,11,5,47927802
149,16,Central US,Central US Store 66,2019-06-16,Furniture,Pool furniture,8,40,19001125
150,16,Central US,Central US Store 66,2019-05-20,Electronics,Televisions,4,50,91336994
151,16,Central US,Central US Store 66,2019-01-10,Baby,Diaper bags,3,12,59105411
152,53,Central US,Central US Store 66,2019-04-07,Baby,Cribs,4,10,90786008
153,84,Central US,Central US Store 66,2019-06-20,Baby,Cribs,10,5,86771794
154,62,Central US,Central US Store 66,2019-04-30,Clothing,Womens,12,12,77783360
155,96,Central US,Central US Store 66,2019-05-25,Electronics,Cell Phones,3,100,45284325
156,4,Central US,Central US Store 66,2019-04-10,Clothing,Baby,6,25,37805396
157,86,Central US,Central US Store 66,2019-01-07,Clothing,Kids,5,13,40508376
158,88,Central US,Central US Store 66,2019-01-03,Clothing,Swimwear,4,10,72723140
159,88,Central US,Central US Store 66,2019-03-29,Electronics,Headphones,3,200,25413489
160,6,Central US,Central US Store 66,2019-01-29,Baby,Diaper bags,3,30,54514181
161,54,Central US,Central US Store 66,2019-05-04,Baby,Diapers,12,30,74833546
162,58,Central US,Central US Store 66,2019-03-30,Clothing,Kids,5,25,78695189
163,4,Central US,Central US Store 66,2019-02-08,Furniture,Indoor seating,7,15,66109536
164,76,Central US,Central US Store 66,2019-05-17,Furniture,Beds,12,100,17311197
165,65,Central US,Central US Store 66,2019-01-31,Clothing,Kids,7,25,77697582
166,66,Central US,Central US Store 66,2019-05-08,Beauty/Health,Bath,7,14,18900742
167,11,Central US,Central US Store 66,2019-02-15,Clothing,Baby,7,20,12943164
168,61,Central US,Central US Store 66,2019-01-20,Clothing,Kids,7,10,75831761
169,77,Central US,Central US Store 66,2019-06-22,Clothing,Shoes,12,12,44320272
170,13,Central US,Central US Store 66,2019-03-22,Baby,Diaper bags,6,30,37604191
171,75,Central US,Central US Store 66,2019-01-07,Electronics,Cell Phones,4,200,36023931
172,91,Central US,Central US Store 66,2019-05-21,Electronics,Computers,4,50,29009517
173,80,Central US,Central US Store 66,2019-07-09,Baby,Diaper bags,12,10,12082367
174,88,Central US,Central US Store 66,2019-07-08,Electronics,Cell Phones,4,100,67597144
175,2,Central US,Central US Store 66,2019-03-20,Electronics,Televisions,4,300,75459393
176,73,Central US,Central US Store 66,2019-02-08,Furniture,Indoor seating,4,75,50324787
177,95,Central US,Central US Store 66,2019-02-08,Electronics,Tablets,4,50,45282238
178,72,Central US,Central US Store 66,2019-05-02,Clothing,Womens,5,10,96249529
179,20,Central US,Central US Store 66,2019-01-11,Beauty/Health,Fragrances,6,10,52636875
180,48,Central US,Central US Store 66,2019-03-11,Furniture,Patio furniture,7,15,78440400
181,54,Central US,Central US Store 66,2019-01-15,Beauty/Health,Feminine Products,3,10,65784425
182,49,Central US,Central US Store 66,2019-01-01,Clothing,Mens,5,20,41161329
183,91,Central US,Central US Store 66,2019-03-12,Baby,Baby toys,4,5,65891863
184,81,Central US,Central US Store 66,2019-02-14,Furniture,Indoor tables,3,30,90992984
185,88,Central US,Central US Store 66,2019-01-23,Clothing,Womens,3,20,44537680
186,27,Central US,Central US Store 66,2019-05-09,Furniture,Indoor tables,9,75,36636914
187,80,Central US,Central US Store 66,2019-05-20,Electronics,Televisions,4,300,72600648
188,39,Central US,Central US Store 66,2019-02-11,Baby,Cribs,7,10,37949712
189,100,Central US,Central US Store 66,2019-05-24,Furniture,Patio furniture,9,15,60295443
190,35,Central US,Central US Store 66,2019-03-07,Beauty/Health,Haircare,4,6,29008663
191,20,Central US,Central US Store 66,2019-03-16,Electronics,Tablets,4,300,54925229
192,68,Central US,Central US Store 66,2019-06-22,Baby,Diapers,8,30,31505751
193,15,Central US,Central US Store 66,2019-06-19,Electronics,Tablets,3,200,16454447
194,89,Central US,Central US Store 66,2019-03-24,Baby,Car seats,6,10,60622662
195,84,Central US,Central US Store 66,2019-01-28,Beauty/Health,Haircare,4,10,12799996
196,34,Central US,Central US Store 66,2019-05-17,Electronics,Tablets,4,300,56357066
197,22,Central US,Central US Store 66,2019-07-11,Electronics,Speakers,3,50,47155927
198,3,Central US,Central US Store 66,2019-04-22,Clothing,Swimwear,10,12,68316618
199,32,Central US,Central US Store 66,2019-05-19,Electronics,Speakers,4,100,56054556
200,68,Central US,Central US Store 66,2019-02-04,Baby,Diapers,5,30,83564784
201,98,Central US,Central US Store 66,2019-05-12,Clothing,Swimwear,6,12,66353897
202,74,Central US,Central US Store 66,2019-02-05,Baby,Diapers,5,12,37412816
203,48,Central US,Central US Store 66,2019-05-27,Furniture,Patio furniture,12,30,75469831
204,24,Central US,Central US Store 66,2019-03-02,Furniture,Pool furniture,7,30,49822415
205,101,Central US,Central US Store 66,2019-04-08,Baby,Diapers,5,5,97911957
206,36,Central US,Central US Store 66,2019-07-01,Clothing,Mens,12,20,94803722
207,67,Central US,Central US Store 66,2019-01-19,Baby,Strollers,5,30,95297815
208,12,Central US,Central US Store 66,2019-01-27,Electronics,Televisions,4,300,70897620
209,24,Central US,Central US Store 66,2019-03-20,Baby,Cribs,5,15,19018000
210,21,Central US,Central US Store 66,2019-01-23,Baby,Diaper bags,3,15,78026382
211,1,Central US,Central US Store 66,2019-04-22,Clothing,Kids,6,25,71410624
212,98,Central US,Central US Store 66,2019-06-16,Baby,Car seats,8,15,53940548
213,47,Central US,Central US Store 66,2019-06-15,Electronics,Speakers,4,200,55283303
214,94,Central US,Central US Store 66,2019-03-16,Electronics,Computers,4,100,65529031
215,61,Central US,Central US Store 66,2019-06-14,Baby,Strollers,6,15,57617938
216,15,Central US,Central US Store 66,2019-01-01,Beauty/Health,Skincare,3,10,84775740
217,42,Central US,Central US Store 66,2019-02-07,Baby,Baby toys,6,12,22864991
218,12,Central US,Central US Store 66,2019-01-14,Clothing,Mens,4,20,70220361
219,31,Central US,Central US Store 66,2019-03-05,Beauty/Health,Feminine Products,3,10,44881683
220,87,Central US,Central US Store 66,2019-07-12,Clothing,Baby,9,25,68885412
221,86,Central US,Central US Store 66,2019-01-06,Beauty/Health,Feminine Products,5,6,96767061
222,66,Central US,Central US Store 66,2019-02-15,Beauty/Health,Makeup,5,15,70559521
223,1,Central US,Central US Store 66,2019-02-05,Baby,Car seats,3,15,81478188
224,10,Central US,Central US Store 66,2019-01-23,Beauty/Health,Makeup,5,10,66995418
225,74,Central US,Central US Store 66,2019-04-17,Electronics,Tablets,4,100,37091108
226,23,Central US,Central US Store 66,2019-04-03,Electronics,Televisions,3,50,70231019
227,6,Central US,Central US Store 66,2019-01-24,Electronics,Headphones,4,100,32853701
228,100,Central US,Central US Store 66,2019-03-22,Furniture,Pool furniture,3,15,38661630
229,30,Central US,Central US Store 66,2019-06-16,Clothing,Womens,10,12,37627669
230,29,Central US,Central US Store 66,2019-05-21,Beauty/Health,Fragrances,10,10,41667885
231,9,Central US,Central US Store 66,2019-04-15,Electronics,Headphones,3,200,11626857
232,81,Central US,Central US Store 66,2019-05-29,Furniture,Patio furniture,5,75,59657702
233,54,Central US,Central US Store 66,2019-05-04,Baby,Car seats,11,5,32364913
234,43,Central US,Central US Store 66,2019-05-18,Furniture,Indoor seating,8,40,14608457
235,93,Central US,Central US Store 66,2019-01-21,Beauty/Health,Skincare,4,6,97153167
236,28,Central US,Central US Store 66,2019-04-25,Beauty/Health,Oral care,11,14,59158145
237,97,Central US,Central US Store 66,2019-05-06,Furniture,Pool furniture,6,15,21578264
238,92,Central US,Central US Store 66,2019-03-08,Baby,Diapers,3,30,81424159
239,74,Central US,Central US Store 66,2019-06-24,Beauty/Health,Feminine Products,6,6,96597193
240,98,Central US,Central US Store 66,2019-05-09,Furniture,Pool furniture,12,15,63587966
241,80,Central US,Central US Store 66,2019-05-28,Clothing,Baby,10,20,63643065
242,44,Central US,Central US Store 66,2019-02-12,Electronics,Speakers,3,200,40022333
243,22,Central US,Central US Store 66,2019-02-05,Beauty/Health,Oral care,4,10,86905666
244,20,Central US,Central US Store 66,2019-06-02,Clothing,Womens,8,13,54598343
245,7,Central US,Central US Store 66,2019-04-06,Electronics,Cell Phones,4,200,29711586
246,63,Central US,Central US Store 66,2019-05-27,Clothing,Baby,5,25,75857776
247,74,Central US,Central US Store 66,2019-02-07,Electronics,Computers,4,300,15770515
248,22,Central US,Central US Store 66,2019-05-21,Furniture,Pool furniture,9,75,74693706
249,84,Central US,Central US Store 66,2019-06-04,Baby,Cribs,8,12,54322158
250,25,Central US,Central US Store 66,2019-03-19,Baby,Strollers,3,10,12071126
251,85,Central US,Central US Store 66,2019-02-07,Furniture,Indoor seating,4,40,68831752
252,57,Central US,Central US Store 66,2019-03-13,Clothing,Womens,3,25,28907117
253,30,Central US,Central US Store 66,2019-07-07,Baby,Diaper bags,11,10,48559976
254,13,Central US,Central US Store 66,2019-02-07,Furniture,Beds,5,75,78342734
255,91,Central US,Central US Store 66,2019-03-12,Clothing,Swimwear,4,13,69321044
256,93,Central US,Central US Store 66,2019-01-31,Beauty/Health,Oral care,3,14,24526113
257,21,Central US,Central US Store 66,2019-06-30,Furniture,Pool furniture,6,100,97103876
258,12,Central US,Central US Store 66,2019-05-08,Beauty/Health,Feminine Products,9,15,10947803
259,45,Central US,Central US Store 66,2019-04-12,Electronics,Cell Phones,3,50,45488992
260,17,Central US,Central US Store 66,2019-03-28,Beauty/Health,Fragrances,5,10,56825365
261,98,Central US,Central US Store 66,2019-01-18,Furniture,Patio furniture,3,15,75406537
262,68,Central US,Central US Store 66,2019-01-07,Furniture,Indoor tables,7,15,18167704
263,68,Central US,Central US Store 66,2019-02-10,Baby,Car seats,6,10,37640491
264,92,Central US,Central US Store 66,2019-04-03,Beauty/Health,Skincare,5,10,70418613
265,1,Central US,Central US Store 66,2019-05-28,Baby,Strollers,12,15,29502423
266,11,Central US,Central US Store 66,2019-06-14,Electronics,Headphones,3,200,18715082
267,11,Central US,Central US Store 66,2019-06-27,Clothing,Kids,7,10,59454458
268,24,Central US,Central US Store 66,2019-03-26,Baby,Baby toys,6,10,73642864
269,83,Central US,Central US Store 66,2019-04-28,Furniture,Pool furniture,5,30,79822285
270,61,Central US,Central US Store 66,2019-05-31,Clothing,Kids,10,25,27702926
271,68,Central US,Central US Store 66,2019-01-27,Beauty/Health,Haircare,6,10,69519305
272,70,Central US,Central US Store 66,2019-02-11,Electronics,Televisions,4,200,22544390
273,14,Central US,Central US Store 66,2019-03-15,Baby,Diapers,4,30,55682602
274,12,Central US,Central US Store 66,2019-05-19,Clothing,Kids,12,25,82557302
275,100,Central US,Central US Store 66,2019-05-06,Electronics,Speakers,3,200,23779479
276,100,Central US,Central US Store 66,2019-04-19,Electronics,Televisions,3,50,87522710
277,3,Central US,Central US Store 66,2019-06-02,Electronics,Tablets,3,200,55741759
278,86,Central US,Central US Store 66,2019-02-19,Beauty/Health,Skincare,6,6,72720988
279,41,Central US,Central US Store 66,2019-03-31,Clothing,Mens,4,25,80699280
280,68,Central US,Central US Store 66,2019-04-29,Electronics,Speakers,3,50,61694937
281,38,Central US,Central US Store 66,2019-03-12,Furniture,Pool furniture,4,30,40257604
282,67,Central US,Central US Store 66,2019-02-25,Furniture,Patio furniture,5,30,56872543
283,58,Central US,Central US Store 66,2019-04-24,Electronics,Computers,3,200,13014180
284,14,Central US,Central US Store 66,2019-02-12,Clothing,Mens,3,25,72321439
285,92,Central US,Central US Store 66,2019-04-25,Furniture,Pool furniture,6,100,94243440
286,1,Central US,Central US Store 66,2019-05-04,Baby,Cribs,6,15,74074844
287,29,Central US,Central US Store 66,2019-05-27,Electronics,Headphones,3,50,33723816
288,21,Central US,Central US Store 66,2019-02-02,Baby,Diaper bags,5,12,33586300
289,31,Central US,Central US Store 66,2019-01-15,Clothing,Womens,3,12,54985359
290,13,Central US,Central US Store 66,2019-01-30,Baby,Cribs,5,30,40347819
291,48,Central US,Central US Store 66,2019-03-10,Baby,Diapers,3,30,84158171
292,44,Central US,Central US Store 66,2019-01-13,Clothing,Baby,4,12,68976318
293,98,Central US,Central US Store 66,2019-03-26,Clothing,Baby,5,20,20954142
294,42,Central US,Central US Store 66,2019-04-07,Clothing,Mens,4,25,22794972
295,58,Central US,Central US Store 66,2019-03-27,Clothing,Womens,5,20,42007258
296,26,Central US,Central US Store 66,2019-04-18,Beauty/Health,Feminine Products,8,10,76166021
297,51,Central US,Central US Store 66,2019-03-24,Clothing,Shoes,3,10,18835278
298,43,Central US,Central US Store 66,2019-05-10,Electronics,Cell Phones,4,50,63485474
299,69,Central US,Central US Store 66,2019-06-16,Electronics,Televisions,4,50,26736736
300,99,Central US,Central US Store 66,2019-05-22,Beauty/Health,Oral care,5,10,39550890
301,63,Central US,Central US Store 66,2019-01-15,Baby,Car seats,6,30,99254476
302,87,Central US,Central US Store 66,2019-01-18,Electronics,Cell Phones,4,300,99200404
303,56,Central US,Central US Store 66,2019-03-26,Baby,Diapers,7,30,49636648
304,100,Central US,Central US Store 66,2019-06-09,Baby,Diapers,9,30,89091718
305,94,Central US,Central US Store 66,2019-06-08,Baby,Diapers,5,30,34796320
306,42,Central US,Central US Store 66,2019-06-30,Baby,Strollers,5,30,79397806
307,20,Central US,Central US Store 66,2019-04-21,Electronics,Speakers,4,100,71399339
308,21,Central US,Central US Store 66,2019-05-07,Electronics,Televisions,3,200,29413158
309,22,Central US,Central US Store 66,2019-05-10,Furniture,Pool furniture,6,15,67839765
310,4,Central US,Central US Store 66,2019-03-18,Electronics,Headphones,3,50,55397447
311,43,Central US,Central US Store 66,2019-01-13,Beauty/Health,Skincare,7,15,25394159
312,47,Central US,Central US Store 66,2019-07-05,Clothing,Mens,8,13,46379950
313,28,Central US,Central US Store 66,2019-01-14,Furniture,Patio furniture,7,100,81626478
314,88,Central US,Central US Store 66,2019-03-27,Clothing,Swimwear,6,10,34886339
315,9,Central US,Central US Store 66,2019-02-07,Baby,Diapers,6,30,27940324
316,30,Central US,Central US Store 66,2019-01-30,Beauty/Health,Bath,4,10,74489553
317,81,Central US,Central US Store 66,2019-01-24,Electronics,Computers,4,200,23387553
318,14,Central US,Central US Store 66,2019-04-24,Electronics,Computers,3,200,50706534
319,86,Central US,Central US Store 66,2019-02-01,Baby,Cribs,7,5,58606548
320,56,Central US,Central US Store 66,2019-04-01,Baby,Car seats,4,5,73161621
321,61,Central US,Central US Store 66,2019-02-13,Clothing,Swimwear,7,25,24991919
322,40,Central US,Central US Store 66,2019-07-12,Clothing,Shoes,9,12,95141200
323,50,Central US,Central US Store 66,2019-04-16,Baby,Baby toys,6,12,66708755
324,32,Central US,Central US Store 66,2019-01-15,Baby,Car seats,3,15,11410130
325,2,Central US,Central US Store 66,2019-03-28,Furniture,Beds,6,100,74813162
326,78,Central US,Central US Store 66,2019-03-01,Furniture,Beds,3,100,36692315
327,35,Central US,Central US Store 66,2019-04-15,Baby,Diaper bags,6,5,44856634
328,17,Central US,Central US Store 66,2019-06-28,Furniture,Pool furniture,10,40,16230705
329,52,Central US,Central US Store 66,2019-02-16,Electronics,Headphones,3,300,12350557
330,8,Central US,Central US Store 66,2019-07-07,Electronics,Computers,4,200,24462125
331,19,Central US,Central US Store 66,2019-04-24,Baby,Cribs,7,5,84302134
332,43,Central US,Central US Store 66,2019-05-27,Baby,Diaper bags,8,30,64464158
333,9,Central US,Central US Store 66,2019-01-10,Baby,Car seats,7,30,26355311
334,48,Central US,Central US Store 66,2019-01-24,Clothing,Womens,6,20,50277374
335,73,Central US,Central US Store 66,2019-04-04,Clothing,Womens,4,25,91713872
336,60,Central US,Central US Store 66,2019-03-04,Electronics,Headphones,4,100,35774745
337,12,Central US,Central US Store 66,2019-06-28,Furniture,Indoor tables,5,15,62309664
338,45,Central US,Central US Store 66,2019-03-17,Beauty/Health,Bath,6,10,10903751
339,13,Central US,Central US Store 66,2019-02-16,Baby,Baby toys,3,15,58020335
340,5,Central US,Central US Store 66,2019-03-18,Clothing,Swimwear,3,12,87240861
341,25,Central US,Central US Store 66,2019-02-25,Beauty/Health,Oral care,6,10,32838599
342,25,Central US,Central US Store 66,2019-03-21,Baby,Car seats,5,30,82709976
343,73,Central US,Central US Store 66,2019-04-09,Clothing,Womens,9,12,85565945
344,86,Central US,Central US Store 66,2019-03-21,Electronics,Speakers,3,50,67670581
345,65,Central US,Central US Store 66,2019-01-08,Clothing,Kids,7,10,40873030
346,67,Central US,Central US Store 66,2019-04-25,Baby,Diaper bags,8,12,97202519
347,31,Central US,Central US Store 66,2019-02-14,Baby,Baby toys,6,30,71504898
348,10,Central US,Central US Store 66,2019-06-22,Furniture,Indoor seating,12,15,22893630
349,33,Central US,Central US Store 66,2019-03-25,Furniture,Indoor seating,4,100,93349801
350,4,Central US,Central US Store 66,2019-05-02,Clothing,Baby,5,20,35120534
351,42,Central US,Central US Store 66,2019-04-22,Furniture,Pool furniture,8,100,23936534
352,92,Central US,Central US Store 66,2019-04-02,Beauty/Health,Makeup,6,10,98947684
353,8,Central US,Central US Store 66,2019-03-13,Beauty/Health,Feminine Products,4,10,49509253
354,79,Central US,Central US Store 66,2019-01-17,Clothing,Womens,6,25,22414126
355,9,Central US,Central US Store 66,2019-01-18,Clothing,Mens,5,13,34343638
356,28,Central US,Central US Store 66,2019-05-18,Baby,Strollers,12,12,51854678
357,22,Central US,Central US Store 66,2019-01-31,Electronics,Computers,4,100,39348708
358,30,Central US,Central US Store 66,2019-03-21,Beauty/Health,Makeup,4,15,32978367
359,13,Central US,Central US Store 66,2019-05-12,Electronics,Computers,3,100,96665383
360,55,Central US,Central US Store 66,2019-06-24,Baby,Baby toys,6,12,48843710
361,72,Central US,Central US Store 66,2019-02-10,Beauty/Health,Fragrances,7,10,14705503
362,55,Central US,Central US Store 66,2019-01-09,Beauty/Health,Makeup,3,6,82806071
363,87,Central US,Central US Store 66,2019-06-26,Furniture,Beds,11,30,72780082
364,91,Central US,Central US Store 66,2019-01-20,Clothing,Mens,6,25,86161227
365,6,Central US,Central US Store 66,2019-03-18,Clothing,Swimwear,5,12,17361278
366,37,Central US,Central US Store 66,2019-07-04,Beauty/Health,Makeup,8,14,32406140
367,11,Central US,Central US Store 66,2019-03-17,Electronics,Tablets,4,100,72714364
368,86,Central US,Central US Store 66,2019-05-01,Clothing,Mens,6,20,34424837
369,69,Central US,Central US Store 66,2019-01-13,Electronics,Speakers,3,200,57767951
370,45,Central US,Central US Store 66,2019-02-09,Beauty/Health,Skincare,6,6,69845387
371,70,Central US,Central US Store 66,2019-01-25,Clothing,Kids,5,25,90799677
372,10,Central US,Central US Store 66,2019-03-03,Furniture,Patio furniture,5,75,81675849
373,53,Central US,Central US Store 66,2019-06-20,Clothing,Womens,9,25,43971377
374,56,Central US,Central US Store 66,2019-02-18,Beauty/Health,Skincare,6,6,60175618
375,48,Central US,Central US Store 66,2019-03-29,Clothing,Womens,5,20,77144113
376,9,Central US,Central US Store 66,2019-03-26,Beauty/Health,Skincare,7,10,62194674
377,29,Central US,Central US Store 66,2019-04-04,Baby,Strollers,6,15,56730970
378,56,Central US,Central US Store 66,2019-02-18,Clothing,Kids,3,10,97023595
379,68,Central US,Central US Store 66,2019-02-03,Beauty/Health,Oral care,7,15,85054223
380,62,Central US,Central US Store 66,2019-01-06,Electronics,Tablets,4,100,61900320
381,43,Central US,Central US Store 66,2019-05-12,Electronics,Headphones,3,100,37598313
382,78,Central US,Central US Store 66,2019-02-13,Beauty/Health,Feminine Products,6,10,48064587
383,54,Central US,Central US Store 66,2019-07-02,Furniture,Indoor tables,8,40,17932159
384,90,Central US,Central US Store 66,2019-04-12,Electronics,Televisions,3,100,86858580
385,80,Central US,Central US Store 66,2019-02-12,Electronics,Cell Phones,3,200,97916062
386,4,Central US,Central US Store 66,2019-06-21,Clothing,Kids,8,25,64367959
387,30,Central US,Central US Store 66,2019-07-05,Beauty/Health,Feminine Products,7,15,21158479
388,8,Central US,Central US Store 66,2019-06-06,Baby,Diapers,8,30,65069909
389,94,Central US,Central US Store 66,2019-06-25,Baby,Cribs,8,30,20851348
390,44,Central US,Central US Store 66,2019-06-06,Beauty/Health,Skincare,6,6,45585541
391,46,Central US,Central US Store 66,2019-01-17,Beauty/Health,Feminine Products,6,10,94254177
392,76,Central US,Central US Store 66,2019-04-25,Clothing,Swimwear,11,20,90767312
393,88,Central US,Central US Store 66,2019-05-09,Furniture,Pool furniture,5,15,74243583
394,16,Central US,Central US Store 66,2019-05-04,Furniture,Indoor seating,12,40,17591425
395,64,Central US,Central US Store 66,2019-03-05,Baby,Car seats,5,5,67676221
396,21,Central US,Central US Store 66,2019-04-30,Baby,Car seats,10,5,79791460
397,44,Central US,Central US Store 66,2019-02-19,Furniture,Indoor tables,4,30,10521162
398,28,Central US,Central US Store 66,2019-04-30,Beauty/Health,Fragrances,5,10,23651935
399,82,Central US,Central US Store 66,2019-02-12,Beauty/Health,Fragrances,4,10,85349013
400,14,Central US,Central US Store 66,2019-03-24,Clothing,Swimwear,3,25,12596409
401,68,Central US,Central US Store 66,2019-02-08,Beauty/Health,Feminine Products,7,15,51792629
402,65,Central US,Central US Store 66,2019-04-01,Beauty/Health,Haircare,6,10,37229226
403,92,Central US,Central US Store 66,2019-05-03,Electronics,Headphones,4,100,32393081
404,41,Central US,Central US Store 66,2019-04-26,Clothing,Shoes,5,25,95233668
405,46,Central US,Central US Store 66,2019-05-28,Baby,Car seats,10,12,39827652
406,94,Central US,Central US Store 66,2019-06-03,Beauty/Health,Fragrances,10,10,39302545
407,36,Central US,Central US Store 66,2019-05-01,Furniture,Indoor seating,5,75,39598760
408,9,Central US,Central US Store 66,2019-01-13,Beauty/Health,Oral care,4,10,18217168
409,35,Central US,Central US Store 66,2019-07-09,Furniture,Pool furniture,10,40,40339066
410,53,Central US,Central US Store 66,2019-02-07,Clothing,Baby,3,25,14946397
411,90,Central US,Central US Store 66,2019-06-26,Beauty/Health,Makeup,8,14,35081642
412,66,Central US,Central US Store 66,2019-05-04,Clothing,Kids,7,13,87835601
413,74,Central US,Central US Store 66,2019-04-30,Electronics,Computers,4,300,83593881
414,70,Central US,Central US Store 66,2019-06-19,Baby,Strollers,9,10,37757445
415,44,Central US,Central US Store 66,2019-07-05,Clothing,Swimwear,9,13,10300581
416,14,Central US,Central US Store 66,2019-06-14,Furniture,Patio furniture,8,75,91124853
417,37,Central US,Central US Store 66,2019-07-06,Furniture,Indoor tables,12,75,35782049
418,5,Central US,Central US Store 66,2019-02-13,Electronics,Televisions,3,200,82030024
419,67,Central US,Central US Store 66,2019-06-12,Electronics,Computers,4,50,64698097
420,80,Central US,Central US Store 66,2019-01-28,Electronics,Computers,3,50,41679701
421,26,Central US,Central US Store 66,2019-07-03,Beauty/Health,Oral care,9,10,73104022
422,91,Central US,Central US Store 66,2019-03-27,Clothing,Swimwear,6,25,34332942
423,81,Central US,Central US Store 66,2019-03-16,Baby,Cribs,7,5,88904250
424,10,Central US,Central US Store 66,2019-03-20,Electronics,Televisions,3,100,31070392
425,82,Central US,Central US Store 66,2019-04-29,Electronics,Tablets,3,200,67265987
426,93,Central US,Central US Store 66,2019-02-22,Furniture,Pool furniture,5,100,43288660
427,83,Central US,Central US Store 66,2019-06-05,Furniture,Indoor seating,11,100,39324373
428,91,Central US,Central US Store 66,2019-06-08,Clothing,Kids,6,25,86482486
429,55,Central US,Central US Store 66,2019-03-12,Electronics,Headphones,3,200,95531685
430,79,Central US,Central US Store 66,2019-02-25,Clothing,Shoes,6,25,76618328
431,94,Central US,Central US Store 66,2019-01-31,Furniture,Patio furniture,4,30,91226890
432,46,Central US,Central US Store 66,2019-03-29,Clothing,Shoes,4,10,44077756
433,74,Central US,Central US Store 66,2019-06-29,Furniture,Beds,10,100,77209515
434,92,Central US,Central US Store 66,2019-02-01,Furniture,Patio furniture,6,100,66469384
435,6,Central US,Central US Store 66,2019-02-14,Electronics,Televisions,4,50,97924630
436,3,Central US,Central US Store 66,2019-05-01,Beauty/Health,Skincare,7,10,79651318
437,98,Central US,Central US Store 66,2019-01-19,Electronics,Tablets,4,200,65319715
438,90,Central US,Central US Store 66,2019-02-10,Electronics,Televisions,3,200,89959513
439,32,Central US,Central US Store 66,2019-06-30,Baby,Diaper bags,12,15,15742702
440,79,Central US,Central US Store 66,2019-04-13,Furniture,Indoor tables,9,75,18201310
441,99,Central US,Central US Store 66,2019-06-09,Baby,Diaper bags,10,30,25221512
442,44,Central US,Central US Store 66,2019-05-03,Furniture,Pool furniture,6,40,12663835
443,25,Central US,Central US Store 66,2019-05-28,Furniture,Indoor tables,7,15,15520966
444,65,Central US,Central US Store 66,2019-02-05,Electronics,Cell Phones,4,100,33048561
445,73,Central US,Central US Store 66,2019-05-08,Baby,Diaper bags,10,12,91075076
446,11,Central US,Central US Store 66,2019-06-12,Beauty/Health,Feminine Products,9,10,19354471
447,99,Central US,Central US Store 66,2019-02-08,Furniture,Indoor seating,5,75,32301648
448,78,Central US,Central US Store 66,2019-05-21,Furniture,Indoor tables,7,30,91610334
449,47,Central US,Central US Store 66,2019-03-30,Beauty/Health,Oral care,7,15,26411140
450,17,Central US,Central US Store 66,2019-07-12,Baby,Cribs,7,12,92797462
451,18,Central US,Central US Store 66,2019-04-22,Clothing,Baby,11,10,92106248
452,25,Central US,Central US Store 66,2019-03-10,Clothing,Mens,5,13,18661103
453,100,Central US,Central US Store 66,2019-06-07,Beauty/Health,Makeup,6,14,10438009
454,41,Central US,Central US Store 66,2019-03-17,Furniture,Beds,5,40,33831649
455,75,Central US,Central US Store 66,2019-01-08,Clothing,Womens,7,12,24774953
456,78,Central US,Central US Store 66,2019-02-11,Electronics,Cell Phones,3,50,41726279
457,46,Central US,Central US Store 66,2019-02-24,Electronics,Computers,4,100,20595298
458,9,Central US,Central US Store 66,2019-02-07,Electronics,Televisions,3,50,15879146
459,53,Central US,Central US Store 66,2019-07-15,Clothing,Baby,11,10,16737816
460,84,Central US,Central US Store 66,2019-06-20,Beauty/Health,Skincare,11,6,47981127
461,4,Central US,Central US Store 66,2019-02-07,Electronics,Computers,4,50,95443768
462,54,Central US,Central US Store 66,2019-02-10,Beauty/Health,Feminine Products,6,14,25364121
463,40,Central US,Central US Store 66,2019-06-01,Baby,Cribs,6,5,61595723
464,91,Central US,Central US Store 66,2019-04-05,Beauty/Health,Fragrances,6,10,43099856
465,50,Central US,Central US Store 66,2019-03-11,Baby,Diapers,3,15,63095023
466,5,Central US,Central US Store 66,2019-02-26,Furniture,Patio furniture,6,40,24457193
467,89,Central US,Central US Store 66,2019-05-23,Clothing,Shoes,8,12,96207690
468,3,Central US,Central US Store 66,2019-02-17,Clothing,Kids,4,25,75184698
469,32,Central US,Central US Store 66,2019-03-24,Electronics,Speakers,3,50,49367314
470,63,Central US,Central US Store 66,2019-02-03,Clothing,Womens,4,20,60420189
471,34,Central US,Central US Store 66,2019-03-06,Clothing,Swimwear,4,25,91554461
472,77,Central US,Central US Store 66,2019-07-12,Baby,Cribs,11,10,14580880
473,94,Central US,Central US Store 66,2019-04-26,Baby,Strollers,6,30,89153988
474,67,Central US,Central US Store 66,2019-06-09,Clothing,Shoes,9,20,45210326
475,60,Central US,Central US Store 66,2019-03-02,Baby,Strollers,6,15,42497827
476,55,Central US,Central US Store 66,2019-02-07,Baby,Cribs,5,30,46924623
477,10,Central US,Central US Store 66,2019-04-20,Clothing,Womens,7,20,45240135
478,25,Central US,Central US Store 66,2019-01-27,Electronics,Tablets,3,100,63468417
479,71,Central US,Central US Store 66,2019-04-18,Clothing,Swimwear,10,12,92386022
480,41,Central US,Central US Store 66,2019-03-03,Baby,Diaper bags,5,10,60185012
481,91,Central US,Central US Store 66,2019-01-30,Clothing,Swimwear,4,25,37391434
482,100,Central US,Central US Store 66,2019-03-29,Beauty/Health,Bath,6,10,80355995
483,62,Central US,Central US Store 66,2019-06-13,Electronics,Computers,3,100,52372568
484,43,Central US,Central US Store 66,2019-07-01,Baby,Strollers,11,12,59226259
485,83,Central US,Central US Store 66,2019-04-23,Baby,Baby toys,10,5,83650713
486,28,Central US,Central US Store 66,2019-04-11,Beauty/Health,Feminine Products,6,15,97736165
487,68,Central US,Central US Store 66,2019-03-19,Beauty/Health,Haircare,4,6,45203978
488,33,Central US,Central US Store 66,2019-05-05,Furniture,Indoor seating,9,15,58455487
489,37,Central US,Central US Store 66,2019-06-25,Furniture,Beds,6,75,33112337
490,8,Central US,Central US Store 66,2019-02-28,Electronics,Cell Phones,4,200,17927323
491,43,Central US,Central US Store 66,2019-06-09,Clothing,Baby,9,10,67785733
492,90,Central US,Central US Store 66,2019-06-07,Electronics,Headphones,4,100,40918386
493,57,Central US,Central US Store 66,2019-06-08,Electronics,Headphones,4,200,21959074
494,39,Central US,Central US Store 66,2019-06-18,Clothing,Womens,8,20,65458332
495,73,Central US,Central US Store 66,2019-02-06,Clothing,Swimwear,7,10,78488757
496,93,Central US,Central US Store 66,2019-07-04,Furniture,Beds,9,15,75704136
497,91,Central US,Central US Store 66,2019-07-12,Beauty/Health,Bath,5,10,83240041
498,43,Central US,Central US Store 66,2019-05-22,Beauty/Health,Bath,7,14,89579938
499,87,Central US,Central US Store 66,2019-02-13,Electronics,Tablets,4,300,17747604
500,43,Central US,Central US Store 66,2019-01-01,Baby,Strollers,5,12,17402878
501,58,Central US,Central US Store 66,2019-01-02,Beauty/Health,Feminine Products,7,14,91262520
502,46,Central US,Central US Store 66,2019-01-03,Beauty/Health,Makeup,3,14,86534271
503,73,Central US,Central US Store 66,2019-06-28,Beauty/Health,Fragrances,11,10,56806660
504,23,Central US,Central US Store 66,2019-03-19,Furniture,Indoor seating,4,75,86410041
505,93,Central US,Central US Store 66,2019-04-24,Beauty/Health,Haircare,7,6,48422922
506,32,Central US,Central US Store 66,2019-03-15,Beauty/Health,Fragrances,5,10,61762641
507,66,Central US,Central US Store 66,2019-04-02,Clothing,Shoes,5,13,85002738
508,42,Central US,Central US Store 66,2019-02-12,Beauty/Health,Bath,5,10,56371725
509,75,Central US,Central US Store 66,2019-01-05,Baby,Car seats,5,12,85770069
510,21,Central US,Central US Store 66,2019-05-04,Clothing,Shoes,8,20,44667538
511,93,Central US,Central US Store 66,2019-01-11,Furniture,Indoor tables,6,15,85903930
512,16,Central US,Central US Store 66,2019-05-20,Baby,Baby toys,11,30,96393599
513,98,Central US,Central US Store 66,2019-05-09,Beauty/Health,Fragrances,8,15,65468637
514,31,Central US,Central US Store 66,2019-01-18,Clothing,Kids,4,25,24085769
515,10,Central US,Central US Store 66,2019-05-08,Clothing,Baby,10,25,14667101
516,99,Central US,Central US Store 66,2019-06-24,Beauty/Health,Feminine Products,8,15,58759155
517,86,Central US,Central US Store 66,2019-06-17,Baby,Diaper bags,6,30,48690012
518,94,Central US,Central US Store 66,2019-02-09,Beauty/Health,Oral care,5,6,62125304
519,15,Central US,Central US Store 66,2019-06-07,Beauty/Health,Bath,11,14,21098804
520,3,Central US,Central US Store 66,2019-05-30,Electronics,Headphones,3,300,25776414
521,43,Central US,Central US Store 66,2019-03-17,Furniture,Indoor seating,5,100,48040691
522,24,Central US,Central US Store 66,2019-07-03,Electronics,Headphones,3,100,84555158
523,69,Central US,Central US Store 66,2019-01-13,Baby,Car seats,3,30,85985204
524,96,Central US,Central US Store 66,2019-04-10,Furniture,Beds,9,15,47790579
525,91,Central US,Central US Store 66,2019-06-24,Baby,Baby toys,12,5,56763980
526,81,Central US,Central US Store 66,2019-03-24,Beauty/Health,Oral care,5,10,56456418
527,55,Central US,Central US Store 66,2019-01-19,Baby,Car seats,5,5,74099256
528,36,Central US,Central US Store 66,2019-01-07,Clothing,Kids,7,25,18255073
529,25,Central US,Central US Store 66,2019-02-17,Baby,Diaper bags,4,30,75482339
530,8,Central US,Central US Store 66,2019-05-31,Clothing,Shoes,5,25,89680851
531,62,Central US,Central US Store 66,2019-07-16,Baby,Cribs,8,10,61764490
532,29,Central US,Central US Store 66,2019-04-21,Beauty/Health,Makeup,5,10,24541778
533,61,Central US,Central US Store 66,2019-07-03,Clothing,Shoes,8,12,78168176
534,38,Central US,Central US Store 66,2019-04-22,Electronics,Tablets,3,100,82237003
535,17,Central US,Central US Store 66,2019-01-29,Clothing,Kids,7,13,54365210
536,80,Central US,Central US Store 66,2019-02-18,Furniture,Indoor seating,3,15,40364497
537,62,Central US,Central US Store 66,2019-07-11,Baby,Car seats,7,15,44108787
538,45,Central US,Central US Store 66,2019-01-08,Electronics,Computers,4,50,80768867
539,7,Central US,Central US Store 66,2019-06-06,Beauty/Health,Oral care,11,10,13783472
540,62,Central US,Central US Store 66,2019-06-08,Furniture,Patio furniture,10,40,89560375
541,27,Central US,Central US Store 66,2019-04-30,Baby,Diapers,8,15,97862333
542,34,Central US,Central US Store 66,2019-01-10,Baby,Car seats,5,5,25650392
543,61,Central US,Central US Store 66,2019-03-20,Electronics,Tablets,3,200,27379575
544,96,Central US,Central US Store 66,2019-04-27,Beauty/Health,Bath,12,10,36027925
545,26,Central US,Central US Store 66,2019-06-28,Electronics,Cell Phones,4,200,20105509
546,95,Central US,Central US Store 66,2019-02-22,Clothing,Kids,3,25,39306634
547,50,Central US,Central US Store 66,2019-02-13,Electronics,Televisions,3,100,23773580
548,63,Central US,Central US Store 66,2019-01-27,Clothing,Shoes,4,12,13191820
549,5,Central US,Central US Store 66,2019-02-03,Clothing,Shoes,6,25,77112614
550,61,Central US,Central US Store 66,2019-05-22,Furniture,Beds,11,15,72998580
551,100,Central US,Central US Store 66,2019-01-10,Clothing,Womens,6,13,71862473
552,37,Central US,Central US Store 66,2019-03-08,Beauty/Health,Feminine Products,4,10,70897098
553,1,Central US,Central US Store 66,2019-06-27,Baby,Cribs,7,30,98562880
554,6,Central US,Central US Store 66,2019-03-01,Furniture,Indoor seating,5,75,12549178
555,73,Central US,Central US Store 66,2019-05-16,Clothing,Mens,11,25,36439383
556,77,Central US,Central US Store 66,2019-05-10,Baby,Baby toys,5,30,98112931
557,14,Central US,Central US Store 66,2019-01-04,Clothing,Kids,6,10,94226329
558,11,Central US,Central US Store 66,2019-01-28,Baby,Strollers,3,30,16385426
559,54,Central US,Central US Store 66,2019-02-15,Baby,Car seats,6,12,36562249
560,16,Central US,Central US Store 66,2019-01-23,Beauty/Health,Haircare,4,6,56299416
561,50,Central US,Central US Store 66,2019-02-07,Furniture,Beds,6,15,76516341
562,98,Central US,Central US Store 66,2019-05-10,Furniture,Pool furniture,5,15,63798725
563,51,Central US,Central US Store 66,2019-04-20,Baby,Diaper bags,10,30,71027316
564,33,Central US,Central US Store 66,2019-01-08,Beauty/Health,Bath,5,14,88702225
565,40,Central US,Central US Store 66,2019-07-12,Clothing,Shoes,10,13,90618411
566,68,Central US,Central US Store 66,2019-06-09,Baby,Diaper bags,10,30,21029928
567,44,Central US,Central US Store 66,2019-04-19,Beauty/Health,Haircare,6,10,87472249
568,4,Central US,Central US Store 66,2019-02-05,Furniture,Patio furniture,7,40,84521525
569,79,Central US,Central US Store 66,2019-06-09,Beauty/Health,Skincare,11,6,63265204
570,61,Central US,Central US Store 66,2019-05-21,Beauty/Health,Feminine Products,8,10,44396959
571,60,Central US,Central US Store 66,2019-06-06,Furniture,Beds,6,75,92102772
572,3,Central US,Central US Store 66,2019-04-12,Clothing,Mens,10,10,47592297
573,7,Central US,Central US Store 66,2019-06-17,Electronics,Computers,4,100,58217203
574,100,Central US,Central US Store 66,2019-06-10,Furniture,Patio furniture,6,15,88705908
575,8,Central US,Central US Store 66,2019-03-02,Clothing,Baby,7,12,29427112
576,57,Central US,Central US Store 66,2019-01-22,Furniture,Indoor seating,5,75,72354209
577,98,Central US,Central US Store 66,2019-01-26,Baby,Diapers,4,5,33714483
578,69,Central US,Central US Store 66,2019-03-06,Baby,Car seats,3,12,42208637
579,40,Central US,Central US Store 66,2019-03-12,Electronics,Speakers,4,50,75487075
580,84,Central US,Central US Store 66,2019-05-18,Electronics,Headphones,3,100,77713286
581,24,Central US,Central US Store 66,2019-02-27,Electronics,Computers,3,200,40341770
582,45,Central US,Central US Store 66,2019-06-04,Furniture,Beds,7,30,33101105
583,66,Central US,Central US Store 66,2019-01-02,Furniture,Patio furniture,6,40,74780614
584,9,Central US,Central US Store 66,2019-02-08,Electronics,Headphones,4,100,31944380
585,73,Central US,Central US Store 66,2019-05-14,Clothing,Womens,6,20,39919515
586,12,Central US,Central US Store 66,2019-02-06,Electronics,Speakers,3,200,38441299
587,60,Central US,Central US Store 66,2019-07-05,Baby,Baby toys,12,10,72733464
588,27,Central US,Central US Store 66,2019-04-18,Furniture,Beds,5,75,32014165
589,23,Central US,Central US Store 66,2019-05-23,Electronics,Cell Phones,4,100,62709875
590,58,Central US,Central US Store 66,2019-04-28,Electronics,Speakers,4,200,68272718
591,65,Central US,Central US Store 66,2019-04-20,Electronics,Headphones,3,50,57190243
592,65,Central US,Central US Store 66,2019-02-20,Clothing,Swimwear,3,20,67244273
593,55,Central US,Central US Store 66,2019-04-11,Baby,Diaper bags,5,15,31427985
594,89,Central US,Central US Store 66,2019-05-21,Baby,Cribs,6,30,63259908
595,47,Central US,Central US Store 66,2019-01-28,Electronics,Cell Phones,3,300,47775023
596,48,Central US,Central US Store 66,2019-02-04,Electronics,Speakers,4,100,54449024
597,77,Central US,Central US Store 66,2019-01-25,Clothing,Mens,7,25,65898034
598,70,Central US,Central US Store 66,2019-03-28,Beauty/Health,Feminine Products,3,15,16502417
599,52,Central US,Central US Store 66,2019-01-26,Clothing,Womens,3,12,23876976
600,76,Central US,Central US Store 66,2019-03-12,Electronics,Computers,4,200,47513892
601,60,Central US,Central US Store 66,2019-03-07,Clothing,Womens,6,13,76870392
602,23,Central US,Central US Store 66,2019-01-09,Electronics,Tablets,4,200,78456172
603,22,Central US,Central US Store 66,2019-05-05,Electronics,Cell Phones,3,100,99010150
604,18,Central US,Central US Store 66,2019-07-03,Clothing,Womens,6,13,71019352
605,11,Central US,Central US Store 66,2019-03-12,Baby,Baby toys,4,12,37193303
606,21,Central US,Central US Store 66,2019-02-14,Clothing,Shoes,5,13,35192807
607,84,Central US,Central US Store 66,2019-04-14,Beauty/Health,Makeup,9,15,48449059
608,8,Central US,Central US Store 66,2019-05-14,Baby,Diaper bags,9,12,73150328
609,28,Central US,Central US Store 66,2019-04-03,Electronics,Computers,4,100,50227811
610,61,Central US,Central US Store 66,2019-02-11,Beauty/Health,Feminine Products,5,14,76773094
611,29,Central US,Central US Store 66,2019-05-14,Clothing,Shoes,5,12,30276434
612,6,Central US,Central US Store 66,2019-05-24,Clothing,Swimwear,8,25,59705305
613,53,Central US,Central US Store 66,2019-06-07,Clothing,Swimwear,7,12,48666761
614,3,Central US,Central US Store 66,2019-01-15,Baby,Car seats,5,15,14875957
615,14,Central US,Central US Store 66,2019-06-27,Baby,Diaper bags,6,10,27012157
616,96,Central US,Central US Store 66,2019-05-04,Beauty/Health,Feminine Products,7,14,83397572
617,28,Central US,Central US Store 66,2019-03-10,Beauty/Health,Bath,5,10,96169650
618,101,Central US,Central US Store 66,2019-01-01,Electronics,Headphones,3,300,67667927
619,2,Central US,Central US Store 66,2019-06-21,Electronics,Tablets,4,100,93462673
620,33,Central US,Central US Store 66,2019-04-07,Furniture,Indoor tables,3,40,55602473
621,87,Central US,Central US Store 66,2019-07-11,Baby,Diapers,8,10,75965674
622,80,Central US,Central US Store 66,2019-05-03,Beauty/Health,Fragrances,11,14,98338183
623,85,Central US,Central US Store 66,2019-06-11,Electronics,Headphones,4,200,32760135
624,77,Central US,Central US Store 66,2019-03-23,Clothing,Mens,4,25,79453397
625,5,Central US,Central US Store 66,2019-02-06,Electronics,Televisions,4,50,29688872
626,15,Central US,Central US Store 66,2019-05-15,Furniture,Pool furniture,7,15,95483779
627,85,Central US,Central US Store 66,2019-07-14,Clothing,Baby,8,10,46309682
628,62,Central US,Central US Store 66,2019-05-18,Electronics,Speakers,4,200,61808788
629,41,Central US,Central US Store 66,2019-01-19,Baby,Strollers,7,5,27034307
630,42,Central US,Central US Store 66,2019-05-22,Clothing,Kids,9,13,32713958
631,74,Central US,Central US Store 66,2019-05-13,Electronics,Tablets,3,300,75290011
632,42,Central US,Central US Store 66,2019-06-16,Electronics,Headphones,4,300,33135799
633,38,Central US,Central US Store 66,2019-06-19,Furniture,Beds,12,75,48480220
634,78,Central US,Central US Store 66,2019-06-10,Clothing,Womens,7,13,85400814
635,24,Central US,Central US Store 66,2019-07-05,Baby,Car seats,8,5,81143607
636,14,Central US,Central US Store 66,2019-02-09,Furniture,Indoor seating,5,75,47760962
637,24,Central US,Central US Store 66,2019-05-03,Beauty/Health,Fragrances,6,10,97390647
638,83,Central US,Central US Store 66,2019-01-10,Furniture,Beds,7,100,58411807
639,33,Central US,Central US Store 66,2019-07-05,Beauty/Health,Bath,6,6,18312017
640,56,Central US,Central US Store 66,2019-04-20,Furniture,Indoor seating,6,40,57213287
641,88,Central US,Central US Store 66,2019-05-20,Baby,Car seats,7,30,39425080
642,68,Central US,Central US Store 66,2019-03-14,Electronics,Televisions,3,100,99532550
643,84,Central US,Central US Store 66,2019-02-01,Baby,Car seats,4,15,43465748
644,48,Central US,Central US Store 66,2019-07-01,Electronics,Televisions,4,200,26473689
645,44,Central US,Central US Store 66,2019-03-27,Baby,Car seats,5,5,80339545
646,6,Central US,Central US Store 66,2019-07-01,Electronics,Speakers,4,300,89462769
647,69,Central US,Central US Store 66,2019-02-22,Electronics,Televisions,3,200,18363921
648,100,Central US,Central US Store 66,2019-07-06,Beauty/Health,Oral care,8,10,47867802
649,19,Central US,Central US Store 66,2019-03-26,Electronics,Speakers,4,50,82692363
650,74,Central US,Central US Store 66,2019-05-23,Furniture,Indoor seating,10,30,48505325
651,9,Central US,Central US Store 66,2019-04-10,Furniture,Pool furniture,5,30,71019949
652,40,Central US,Central US Store 66,2019-03-17,Clothing,Mens,5,13,35427958
653,29,Central US,Central US Store 66,2019-06-05,Beauty/Health,Skincare,7,10,89428891
654,83,Central US,Central US Store 66,2019-05-14,Electronics,Speakers,4,50,85085970
655,101,Central US,Central US Store 66,2019-04-24,Beauty/Health,Skincare,11,6,15863556
656,41,Central US,Central US Store 66,2019-01-16,Beauty/Health,Skincare,4,10,92643609
657,82,Central US,Central US Store 66,2019-07-10,Baby,Car seats,11,15,54587879
658,66,Central US,Central US Store 66,2019-06-07,Baby,Cribs,5,10,88858694
659,5,Central US,Central US Store 66,2019-06-19,Clothing,Mens,12,10,28352114
660,83,Central US,Central US Store 66,2019-01-26,Beauty/Health,Haircare,6,10,60736906
661,24,Central US,Central US Store 66,2019-03-01,Baby,Strollers,7,30,93773423
662,23,Central US,Central US Store 66,2019-01-03,Furniture,Beds,6,30,17670365
663,95,Central US,Central US Store 66,2019-03-12,Baby,Baby toys,3,15,82253324
664,82,Central US,Central US Store 66,2019-02-12,Beauty/Health,Makeup,3,10,28892940
665,67,Central US,Central US Store 66,2019-05-13,Beauty/Health,Feminine Products,5,6,48154984
666,28,Central US,Central US Store 66,2019-05-14,Clothing,Kids,8,20,97222528
667,49,Central US,Central US Store 66,2019-06-23,Clothing,Mens,12,25,13689193
668,12,Central US,Central US Store 66,2019-05-06,Baby,Diaper bags,12,10,83585256
669,8,Central US,Central US Store 66,2019-04-12,Furniture,Indoor tables,10,75,23597345
670,89,Central US,Central US Store 66,2019-04-30,Electronics,Tablets,4,200,48448828
671,35,Central US,Central US Store 66,2019-04-17,Electronics,Computers,3,200,71019417
672,101,Central US,Central US Store 66,2019-04-15,Baby,Cribs,9,15,48134825
673,62,Central US,Central US Store 66,2019-07-05,Clothing,Shoes,11,12,90044497
674,56,Central US,Central US Store 66,2019-03-12,Electronics,Televisions,4,100,45271410
675,69,Central US,Central US Store 66,2019-02-28,Furniture,Beds,5,15,39094089
676,95,Central US,Central US Store 66,2019-03-20,Clothing,Swimwear,6,25,53850821
677,44,Central US,Central US Store 66,2019-06-04,Beauty/Health,Feminine Products,9,10,94029726
678,38,Central US,Central US Store 66,2019-03-25,Baby,Diapers,5,12,91263033
679,72,Central US,Central US Store 66,2019-02-09,Baby,Diaper bags,6,10,62031824
680,57,Central US,Central US Store 66,2019-06-01,Electronics,Speakers,4,50,32387440
681,34,Central US,Central US Store 66,2019-01-26,Electronics,Computers,3,200,54420281
682,95,Central US,Central US Store 66,2019-05-06,Baby,Strollers,8,10,89333543
683,31,Central US,Central US Store 66,2019-01-26,Baby,Car seats,5,10,51170045
684,49,Central US,Central US Store 66,2019-06-27,Beauty/Health,Makeup,7,15,50297270
685,6,Central US,Central US Store 66,2019-04-27,Beauty/Health,Bath,7,14,65957438
686,26,Central US,Central US Store 66,2019-07-10,Furniture,Pool furniture,10,75,39110225
687,25,Central US,Central US Store 66,2019-01-31,Clothing,Swimwear,6,20,49172574
688,75,Central US,Central US Store 66,2019-04-16,Baby,Car seats,12,5,89481863
689,32,Central US,Central US Store 66,2019-02-19,Electronics,Speakers,3,300,60610441
690,64,Central US,Central US Store 66,2019-02-14,Electronics,Computers,4,100,68072454
691,13,Central US,Central US Store 66,2019-01-26,Furniture,Indoor tables,5,40,44398628
692,25,Central US,Central US Store 66,2019-04-23,Beauty/Health,Makeup,9,10,96732862
693,42,Central US,Central US Store 66,2019-04-28,Beauty/Health,Haircare,5,10,25866642
694,74,Central US,Central US Store 66,2019-01-22,Furniture,Indoor seating,4,15,99606743
695,42,Central US,Central US Store 66,2019-02-06,Clothing,Womens,3,12,87716379
696,8,Central US,Central US Store 66,2019-05-30,Electronics,Computers,3,200,34430891
697,18,Central US,Central US Store 66,2019-03-03,Clothing,Womens,5,25,69879726
698,17,Central US,Central US Store 66,2019-06-06,Furniture,Indoor seating,8,40,85414723
699,25,Central US,Central US Store 66,2019-04-03,Furniture,Patio furniture,7,100,45224742
700,97,Central US,Central US Store 66,2019-02-18,Electronics,Tablets,4,200,95738262
701,79,Central US,Central US Store 66,2019-01-30,Furniture,Pool furniture,4,75,45930612
702,2,Central US,Central US Store 66,2019-03-12,Clothing,Womens,4,13,11479573
703,93,Central US,Central US Store 66,2019-02-07,Beauty/Health,Bath,3,6,45430177
704,88,Central US,Central US Store 66,2019-07-12,Furniture,Indoor tables,7,15,96254925
705,64,Central US,Central US Store 66,2019-05-19,Beauty/Health,Fragrances,10,10,72548636
706,52,Central US,Central US Store 66,2019-01-18,Furniture,Patio furniture,7,75,84578873
707,79,Central US,Central US Store 66,2019-05-01,Beauty/Health,Fragrances,7,10,17024785
708,65,Central US,Central US Store 66,2019-01-30,Furniture,Pool furniture,6,40,36994486
709,97,Central US,Central US Store 66,2019-05-15,Furniture,Indoor tables,6,30,72914563
710,16,Central US,Central US Store 66,2019-04-13,Furniture,Indoor tables,11,40,89740481
711,22,Central US,Central US Store 66,2019-05-30,Furniture,Beds,6,40,62330417
712,18,Central US,Central US Store 66,2019-05-19,Furniture,Beds,10,15,33575237
713,92,Central US,Central US Store 66,2019-03-04,Beauty/Health,Makeup,5,6,42815262
714,16,Central US,Central US Store 66,2019-03-13,Clothing,Womens,4,25,30369493
715,55,Central US,Central US Store 66,2019-01-31,Baby,Diapers,3,5,25973791
716,88,Central US,Central US Store 66,2019-04-03,Clothing,Kids,6,20,17689126
717,76,Central US,Central US Store 66,2019-03-14,Electronics,Headphones,3,200,79208169
718,100,Central US,Central US Store 66,2019-06-11,Baby,Strollers,11,5,31461014
719,69,Central US,Central US Store 66,2019-03-01,Furniture,Pool furniture,3,100,28534498
720,50,Central US,Central US Store 66,2019-05-08,Baby,Car seats,9,10,19691044
721,71,Central US,Central US Store 66,2019-01-14,Baby,Diapers,5,30,21450232
722,8,Central US,Central US Store 66,2019-06-19,Baby,Cribs,7,30,19192606
723,90,Central US,Central US Store 66,2019-06-22,Furniture,Beds,12,100,55533392
724,61,Central US,Central US Store 66,2019-03-28,Furniture,Patio furniture,5,30,45606669
725,88,Central US,Central US Store 66,2019-07-05,Electronics,Tablets,3,50,37661240
726,41,Central US,Central US Store 66,2019-06-15,Beauty/Health,Feminine Products,5,10,87811156
727,4,Central US,Central US Store 66,2019-02-06,Beauty/Health,Haircare,6,10,73061350
728,19,Central US,Central US Store 66,2019-01-09,Electronics,Computers,4,300,77404955
729,55,Central US,Central US Store 66,2019-03-07,Baby,Strollers,4,30,60606714
730,3,Central US,Central US Store 66,2019-04-23,Clothing,Mens,8,25,37497976
731,42,Central US,Central US Store 66,2019-05-27,Baby,Cribs,7,10,34747528
732,10,Central US,Central US Store 66,2019-04-05,Baby,Cribs,6,5,49865948
733,69,Central US,Central US Store 66,2019-06-11,Electronics,Cell Phones,4,300,30658440
734,38,Central US,Central US Store 66,2019-04-20,Beauty/Health,Makeup,12,10,14526311
735,59,Central US,Central US Store 66,2019-05-20,Beauty/Health,Makeup,11,10,82684150
736,34,Central US,Central US Store 66,2019-05-16,Beauty/Health,Haircare,9,10,71093070
737,35,Central US,Central US Store 66,2019-03-16,Beauty/Health,Fragrances,3,10,44127602
738,27,Central US,Central US Store 66,2019-06-27,Electronics,Televisions,4,100,58450792
739,61,Central US,Central US Store 66,2019-05-01,Furniture,Indoor tables,9,40,34690514
740,52,Central US,Central US Store 66,2019-02-06,Beauty/Health,Haircare,7,10,59688545
741,76,Central US,Central US Store 66,2019-05-15,Baby,Cribs,5,10,72736544
742,20,Central US,Central US Store 66,2019-06-29,Electronics,Computers,4,50,68630521
743,69,Central US,Central US Store 66,2019-06-25,Furniture,Patio furniture,9,100,91743034
744,94,Central US,Central US Store 66,2019-03-13,Electronics,Speakers,3,300,56046078
745,101,Central US,Central US Store 66,2019-04-19,Beauty/Health,Oral care,7,6,29656708
746,98,Central US,Central US Store 66,2019-01-09,Electronics,Speakers,3,50,11146697
747,4,Central US,Central US Store 66,2019-06-07,Baby,Cribs,6,30,87692841
748,54,Central US,Central US Store 66,2019-04-25,Clothing,Mens,5,13,96539267
749,30,Central US,Central US Store 66,2019-04-18,Baby,Diapers,9,30,30058606
750,46,Central US,Central US Store 66,2019-02-09,Furniture,Indoor seating,6,40,41049619
751,38,Central US,Central US Store 66,2019-02-10,Electronics,Cell Phones,4,100,17153876
752,25,Central US,Central US Store 66,2019-03-06,Beauty/Health,Fragrances,6,10,53772729
753,77,Central US,Central US Store 66,2019-07-04,Baby,Strollers,10,30,83427848
754,18,Central US,Central US Store 66,2019-06-01,Furniture,Pool furniture,10,100,79840697
755,92,Central US,Central US Store 66,2019-01-18,Electronics,Headphones,3,300,91414611
756,51,Central US,Central US Store 66,2019-02-01,Beauty/Health,Fragrances,4,10,25967637
757,4,Central US,Central US Store 66,2019-04-05,Baby,Diapers,3,30,98808166
758,27,Central US,Central US Store 66,2019-04-05,Beauty/Health,Oral care,4,14,19714244
759,70,Central US,Central US Store 66,2019-02-01,Beauty/Health,Haircare,3,15,67832625
760,49,Central US,Central US Store 66,2019-03-30,Clothing,Baby,4,13,17125690
761,38,Central US,Central US Store 66,2019-05-09,Electronics,Cell Phones,3,300,10717659
762,18,Central US,Central US Store 66,2019-04-30,Clothing,Kids,6,25,12091441
763,17,Central US,Central US Store 66,2019-01-02,Baby,Baby toys,4,15,12020962
764,63,Central US,Central US Store 66,2019-06-08,Furniture,Pool furniture,8,40,71072178
765,94,Central US,Central US Store 66,2019-05-12,Baby,Diaper bags,7,15,54098842
766,95,Central US,Central US Store 66,2019-03-30,Baby,Cribs,4,12,21691511
767,60,Central US,Central US Store 66,2019-07-04,Beauty/Health,Haircare,7,10,40306089
768,39,Central US,Central US Store 66,2019-03-24,Electronics,Tablets,4,100,34199975
769,89,Central US,Central US Store 66,2019-01-29,Baby,Diapers,4,10,70882461
770,6,Central US,Central US Store 66,2019-06-11,Electronics,Headphones,3,100,88706419
771,39,Central US,Central US Store 66,2019-07-02,Beauty/Health,Haircare,12,15,18969780
772,94,Central US,Central US Store 66,2019-03-10,Baby,Car seats,4,12,87338408
773,86,Central US,Central US Store 66,2019-06-24,Beauty/Health,Fragrances,10,10,86323962
774,90,Central US,Central US Store 66,2019-01-31,Beauty/Health,Makeup,6,10,37989188
775,8,Central US,Central US Store 66,2019-07-11,Beauty/Health,Skincare,8,14,74439784
776,50,Central US,Central US Store 66,2019-03-14,Baby,Strollers,4,10,33533151
777,15,Central US,Central US Store 66,2019-01-17,Furniture,Pool furniture,7,15,46489968
778,30,Central US,Central US Store 66,2019-07-05,Clothing,Womens,6,25,40034936
779,7,Central US,Central US Store 66,2019-03-31,Furniture,Indoor seating,4,75,50012453
780,79,Central US,Central US Store 66,2019-06-27,Clothing,Kids,5,20,81892103
781,75,Central US,Central US Store 66,2019-01-24,Clothing,Swimwear,4,25,92724352
782,72,Central US,Central US Store 66,2019-05-28,Electronics,Tablets,3,100,51005899
783,14,Central US,Central US Store 66,2019-03-04,Electronics,Speakers,4,300,53092607
784,68,Central US,Central US Store 66,2019-05-11,Beauty/Health,Bath,11,6,89582360
785,64,Central US,Central US Store 66,2019-05-25,Electronics,Cell Phones,3,200,82253447
786,83,Central US,Central US Store 66,2019-01-28,Furniture,Beds,5,100,63645405
787,74,Central US,Central US Store 66,2019-07-04,Beauty/Health,Oral care,12,10,71310953
788,64,Central US,Central US Store 66,2019-06-01,Furniture,Beds,9,30,20421982
789,90,Central US,Central US Store 66,2019-03-25,Electronics,Televisions,4,200,22239725
790,47,Central US,Central US Store 66,2019-06-29,Clothing,Swimwear,9,20,35948227
791,3,Central US,Central US Store 66,2019-04-07,Furniture,Beds,7,75,51492202
792,93,Central US,Central US Store 66,2019-01-01,Clothing,Baby,5,12,68650707
793,88,Central US,Central US Store 66,2019-06-11,Furniture,Indoor tables,10,40,22270535
794,20,Central US,Central US Store 66,2019-04-24,Furniture,Beds,10,15,73389351
795,59,Central US,Central US Store 66,2019-04-20,Beauty/Health,Haircare,6,10,84215375
796,97,Central US,Central US Store 66,2019-04-03,Electronics,Tablets,3,300,60574309
797,94,Central US,Central US Store 66,2019-04-03,Electronics,Tablets,3,100,45746867
798,35,Central US,Central US Store 66,2019-03-27,Furniture,Indoor tables,4,40,45279365
799,16,Central US,Central US Store 66,2019-06-30,Furniture,Patio furniture,12,75,59570811
800,74,Central US,Central US Store 66,2019-05-16,Clothing,Swimwear,6,12,35622854
801,2,Central US,Central US Store 66,2019-04-08,Beauty/Health,Oral care,5,6,76965607
802,3,Central US,Central US Store 66,2019-04-06,Baby,Cribs,5,30,23911807
803,78,Central US,Central US Store 66,2019-04-19,Electronics,Speakers,3,200,13396940
804,4,Central US,Central US Store 66,2019-05-05,Baby,Cribs,11,30,40588261
805,11,Central US,Central US Store 66,2019-06-21,Electronics,Speakers,3,200,32378769
806,9,Central US,Central US Store 66,2019-06-04,Clothing,Baby,11,20,52218733
807,28,Central US,Central US Store 66,2019-03-13,Furniture,Patio furniture,6,40,16785594
808,78,Central US,Central US Store 66,2019-07-15,Electronics,Televisions,3,200,51778274
809,41,Central US,Central US Store 66,2019-06-26,Clothing,Mens,11,25,85970579
810,22,Central US,Central US Store 66,2019-06-14,Furniture,Indoor seating,10,40,21754122
811,45,Central US,Central US Store 66,2019-04-30,Electronics,Televisions,3,200,58886197
812,82,Central US,Central US Store 66,2019-03-14,Furniture,Indoor seating,3,40,93450768
813,90,Central US,Central US Store 66,2019-03-17,Furniture,Patio furniture,7,40,76576579
814,101,Central US,Central US Store 66,2019-06-25,Beauty/Health,Haircare,7,6,79507568
815,15,Central US,Central US Store 66,2019-06-01,Baby,Strollers,8,10,17099837
816,47,Central US,Central US Store 66,2019-05-13,Electronics,Televisions,4,100,58104563
817,67,Central US,Central US Store 66,2019-06-27,Clothing,Swimwear,10,12,56734158
818,55,Central US,Central US Store 66,2019-01-19,Beauty/Health,Feminine Products,5,10,86386920
819,72,Central US,Central US Store 66,2019-02-16,Clothing,Swimwear,6,13,95703096
820,78,Central US,Central US Store 66,2019-01-04,Furniture,Patio furniture,5,30,35764846
821,37,Central US,Central US Store 66,2019-05-18,Clothing,Kids,7,20,24326273
822,27,Central US,Central US Store 66,2019-05-23,Baby,Car seats,9,15,68595178
823,81,Central US,Central US Store 66,2019-04-08,Beauty/Health,Bath,6,6,25423093
824,13,Central US,Central US Store 66,2019-05-22,Baby,Diaper bags,8,12,21619750
825,89,Central US,Central US Store 66,2019-04-08,Clothing,Swimwear,6,12,97812760
826,96,Central US,Central US Store 66,2019-05-13,Electronics,Tablets,3,300,96346263
827,82,Central US,Central US Store 66,2019-02-25,Clothing,Baby,4,20,53811709
828,10,Central US,Central US Store 66,2019-01-22,Furniture,Pool furniture,4,75,33359244
829,21,Central US,Central US Store 66,2019-03-01,Clothing,Baby,7,12,57597237
830,23,Central US,Central US Store 66,2019-07-01,Clothing,Shoes,7,25,46417861
831,76,Central US,Central US Store 66,2019-04-18,Electronics,Headphones,4,100,60637529
832,60,Central US,Central US Store 66,2019-02-11,Clothing,Swimwear,4,25,56701778
833,97,Central US,Central US Store 66,2019-06-11,Beauty/Health,Bath,11,10,67207680
834,48,Central US,Central US Store 66,2019-03-01,Beauty/Health,Haircare,5,10,20987275
835,45,Central US,Central US Store 66,2019-03-22,Electronics,Cell Phones,3,200,11726611
836,52,Central US,Central US Store 66,2019-04-27,Electronics,Speakers,3,300,91010154
837,99,Central US,Central US Store 66,2019-06-04,Furniture,Indoor tables,12,40,15422651
838,69,Central US,Central US Store 66,2019-06-08,Furniture,Pool furniture,7,100,39231383
839,59,Central US,Central US Store 66,2019-02-14,Electronics,Cell Phones,3,100,44330889
840,11,Central US,Central US Store 66,2019-06-15,Clothing,Shoes,12,25,46083077
841,17,Central US,Central US Store 66,2019-04-12,Baby,Diaper bags,10,30,37470834
842,27,Central US,Central US Store 66,2019-01-21,Clothing,Mens,7,25,50172274
843,35,Central US,Central US Store 66,2019-07-10,Beauty/Health,Feminine Products,10,10,72680263
844,67,Central US,Central US Store 66,2019-06-02,Furniture,Beds,9,30,55413624
845,91,Central US,Central US Store 66,2019-05-21,Clothing,Shoes,8,25,88108226
846,39,Central US,Central US Store 66,2019-04-10,Baby,Diaper bags,9,30,73447066
847,13,Central US,Central US Store 66,2019-04-18,Furniture,Indoor tables,6,75,43231417
848,93,Central US,Central US Store 66,2019-04-10,Clothing,Shoes,10,20,76476276
849,80,Central US,Central US Store 66,2019-02-24,Beauty/Health,Oral care,7,10,55963978
850,97,Central US,Central US Store 66,2019-05-01,Furniture,Pool furniture,10,15,91771555
851,51,Central US,Central US Store 66,2019-06-08,Electronics,Cell Phones,4,50,74153149
852,34,Central US,Central US Store 66,2019-04-11,Beauty/Health,Makeup,6,6,20129239
853,68,Central US,Central US Store 66,2019-05-30,Beauty/Health,Haircare,12,10,20824599
854,53,Central US,Central US Store 66,2019-05-30,Clothing,Mens,7,25,91901255
855,28,Central US,Central US Store 66,2019-07-02,Furniture,Indoor tables,7,15,89568572
856,55,Central US,Central US Store 66,2019-04-10,Clothing,Swimwear,12,10,29972745
857,33,Central US,Central US Store 66,2019-03-20,Baby,Cribs,5,15,74203410
858,38,Central US,Central US Store 66,2019-05-05,Furniture,Patio furniture,11,30,46323346
859,8,Central US,Central US Store 66,2019-02-15,Clothing,Swimwear,5,20,32642042
860,34,Central US,Central US Store 66,2019-04-25,Baby,Car seats,11,30,91806342
861,90,Central US,Central US Store 66,2019-01-21,Furniture,Pool furniture,3,75,44987485
862,74,Central US,Central US Store 66,2019-06-18,Furniture,Pool furniture,6,40,75391803
863,61,Central US,Central US Store 66,2019-03-26,Electronics,Televisions,4,100,29074047
864,93,Central US,Central US Store 66,2019-01-12,Clothing,Kids,6,20,31409322
865,48,Central US,Central US Store 66,2019-04-30,Furniture,Pool furniture,8,75,28022360
866,69,Central US,Central US Store 66,2019-03-01,Clothing,Kids,6,10,67006703
867,17,Central US,Central US Store 66,2019-02-13,Electronics,Tablets,3,300,57280591
868,46,Central US,Central US Store 66,2019-06-13,Clothing,Womens,12,12,89393095
869,32,Central US,Central US Store 66,2019-01-05,Furniture,Pool furniture,5,75,67401194
870,24,Central US,Central US Store 66,2019-02-28,Clothing,Shoes,5,25,73154222
871,40,Central US,Central US Store 66,2019-01-29,Electronics,Televisions,4,100,61232972
872,45,Central US,Central US Store 66,2019-06-21,Beauty/Health,Bath,11,10,65044425
873,79,Central US,Central US Store 66,2019-05-23,Clothing,Swimwear,7,25,88730681
874,14,Central US,Central US Store 66,2019-03-24,Electronics,Televisions,3,100,54692880
875,54,Central US,Central US Store 66,2019-01-31,Baby,Diapers,5,12,51948175
876,45,Central US,Central US Store 66,2019-01-31,Baby,Diapers,7,12,55959876
877,7,Central US,Central US Store 66,2019-03-25,Furniture,Indoor tables,7,40,39494182
878,74,Central US,Central US Store 66,2019-04-15,Furniture,Pool furniture,8,30,31803145
879,76,Central US,Central US Store 66,2019-06-03,Clothing,Shoes,7,25,23815638
880,18,Central US,Central US Store 66,2019-04-20,Electronics,Tablets,4,200,74819249
881,20,Central US,Central US Store 66,2019-05-13,Beauty/Health,Oral care,10,10,56480108
882,57,Central US,Central US Store 66,2019-07-03,Baby,Diapers,7,10,99337811
883,59,Central US,Central US Store 66,2019-05-15,Baby,Diapers,10,30,29231300
884,2,Central US,Central US Store 66,2019-07-02,Baby,Diaper bags,8,10,40336222
885,24,Central US,Central US Store 66,2019-05-14,Beauty/Health,Oral care,8,14,52778460
886,67,Central US,Central US Store 66,2019-04-07,Electronics,Tablets,3,100,91347151
887,20,Central US,Central US Store 66,2019-02-07,Clothing,Mens,4,10,46009597
888,68,Central US,Central US Store 66,2019-02-15,Furniture,Beds,5,100,61026269
889,101,Central US,Central US Store 66,2019-02-16,Baby,Car seats,5,30,56745030
890,30,Central US,Central US Store 66,2019-03-24,Beauty/Health,Bath,4,6,86778070
891,50,Central US,Central US Store 66,2019-04-10,Electronics,Headphones,4,200,78796671
892,2,Central US,Central US Store 66,2019-07-13,Electronics,Tablets,3,300,22695255
893,74,Central US,Central US Store 66,2019-04-10,Furniture,Indoor tables,5,30,59924589
894,16,Central US,Central US Store 66,2019-01-19,Beauty/Health,Skincare,5,15,75833272
895,37,Central US,Central US Store 66,2019-05-23,Electronics,Cell Phones,4,100,81882384
896,60,Central US,Central US Store 66,2019-04-05,Furniture,Beds,3,30,26041936
897,55,Central US,Central US Store 66,2019-01-18,Beauty/Health,Makeup,4,14,37061201
898,33,Central US,Central US Store 66,2019-03-05,Furniture,Beds,4,75,34568256
899,49,Central US,Central US Store 66,2019-03-02,Baby,Diaper bags,7,10,71663068
900,39,Central US,Central US Store 66,2019-04-23,Furniture,Indoor seating,9,40,82676720
901,88,Central US,Central US Store 66,2019-07-02,Clothing,Swimwear,5,20,20385843
902,48,Central US,Central US Store 66,2019-04-25,Electronics,Televisions,3,50,27118296
903,24,Central US,Central US Store 66,2019-06-13,Baby,Car seats,5,12,49801096
904,23,Central US,Central US Store 66,2019-04-10,Furniture,Indoor tables,10,75,88801610
905,88,Central US,Central US Store 66,2019-04-24,Clothing,Swimwear,9,12,93312074
906,17,Central US,Central US Store 66,2019-05-15,Baby,Baby toys,7,12,66886105
907,86,Central US,Central US Store 66,2019-05-29,Furniture,Indoor tables,6,40,45033939
908,35,Central US,Central US Store 66,2019-01-06,Electronics,Tablets,4,300,34520055
909,97,Central US,Central US Store 66,2019-05-05,Beauty/Health,Fragrances,11,15,38773622
910,52,Central US,Central US Store 66,2019-06-03,Baby,Strollers,5,30,98821964
911,2,Central US,Central US Store 66,2019-03-24,Baby,Baby toys,6,30,52192412
912,84,Central US,Central US Store 66,2019-05-27,Clothing,Mens,7,25,33583979
913,35,Central US,Central US Store 66,2019-07-06,Baby,Strollers,10,30,69465290
914,28,Central US,Central US Store 66,2019-05-02,Clothing,Womens,8,13,56305008
915,65,Central US,Central US Store 66,2019-02-17,Clothing,Womens,5,25,70066691
916,97,Central US,Central US Store 66,2019-05-19,Clothing,Mens,6,20,35583275
917,51,Central US,Central US Store 66,2019-05-15,Baby,Car seats,6,12,38843042
918,24,Central US,Central US Store 66,2019-01-24,Electronics,Computers,3,200,88351202
919,35,Central US,Central US Store 66,2019-01-09,Clothing,Shoes,7,13,18009907
920,38,Central US,Central US Store 66,2019-07-14,Electronics,Tablets,3,100,93364876
921,18,Central US,Central US Store 66,2019-05-14,Clothing,Shoes,11,25,15091210
922,2,Central US,Central US Store 66,2019-04-21,Beauty/Health,Makeup,7,10,93215265
923,93,Central US,Central US Store 66,2019-04-07,Beauty/Health,Fragrances,6,10,69584926
924,74,Central US,Central US Store 66,2019-03-14,Clothing,Womens,7,12,23142626
925,77,Central US,Central US Store 66,2019-01-05,Clothing,Kids,6,25,87374197
926,58,Central US,Central US Store 66,2019-05-14,Furniture,Indoor seating,9,75,20828091
927,34,Central US,Central US Store 66,2019-04-13,Baby,Diapers,10,15,55038101
928,82,Central US,Central US Store 66,2019-02-10,Furniture,Beds,3,30,64373739
929,79,Central US,Central US Store 66,2019-03-08,Beauty/Health,Oral care,7,15,93096938
930,78,Central US,Central US Store 66,2019-06-08,Beauty/Health,Skincare,12,10,75856635
931,5,Central US,Central US Store 66,2019-05-02,Furniture,Pool furniture,9,100,49188228
932,37,Central US,Central US Store 66,2019-03-09,Furniture,Patio furniture,3,100,24515904
933,61,Central US,Central US Store 66,2019-05-15,Baby,Strollers,12,30,99531917
934,21,Central US,Central US Store 66,2019-02-15,Baby,Diapers,3,5,71889570
935,91,Central US,Central US Store 66,2019-04-22,Beauty/Health,Feminine Products,9,14,63548937
936,31,Central US,Central US Store 66,2019-05-09,Electronics,Cell Phones,4,100,57399029
937,8,Central US,Central US Store 66,2019-03-28,Furniture,Indoor seating,5,40,35979493
938,24,Central US,Central US Store 66,2019-04-29,Clothing,Mens,6,12,34941611
939,96,Central US,Central US Store 66,2019-03-01,Baby,Car seats,4,30,89613752
940,39,Central US,Central US Store 66,2019-03-28,Electronics,Speakers,4,50,74827432
941,39,Central US,Central US Store 66,2019-03-23,Beauty/Health,Bath,6,15,66828965
942,50,Central US,Central US Store 66,2019-03-06,Electronics,Computers,3,100,11248769
943,11,Central US,Central US Store 66,2019-04-11,Furniture,Indoor tables,10,15,70541301
944,49,Central US,Central US Store 66,2019-04-14,Electronics,Headphones,4,100,89611743
945,69,Central US,Central US Store 66,2019-05-08,Electronics,Tablets,3,200,78293898
946,71,Central US,Central US Store 66,2019-05-29,Baby,Car seats,8,5,48601821
947,14,Central US,Central US Store 66,2019-01-07,Beauty/Health,Makeup,4,6,36205732
948,29,Central US,Central US Store 66,2019-04-03,Beauty/Health,Fragrances,7,6,21282317
949,90,Central US,Central US Store 66,2019-07-07,Electronics,Headphones,4,300,34349573
950,58,Central US,Central US Store 66,2019-06-12,Baby,Strollers,5,12,78116757
951,94,Central US,Central US Store 66,2019-03-12,Electronics,Cell Phones,4,200,77026503
952,25,Central US,Central US Store 66,2019-06-10,Beauty/Health,Oral care,10,10,63351423
953,20,Central US,Central US Store 66,2019-01-10,Electronics,Cell Phones,4,100,72324898
954,63,Central US,Central US Store 66,2019-05-09,Clothing,Shoes,5,25,26963824
955,51,Central US,Central US Store 66,2019-04-18,Furniture,Patio furniture,8,75,13072936
956,90,Central US,Central US Store 66,2019-04-20,Beauty/Health,Bath,6,10,13645001
957,66,Central US,Central US Store 66,2019-07-10,Clothing,Shoes,9,25,95330901
958,5,Central US,Central US Store 66,2019-02-07,Beauty/Health,Feminine Products,5,15,85812589
959,22,Central US,Central US Store 66,2019-01-24,Electronics,Computers,3,100,58096720
960,43,Central US,Central US Store 66,2019-06-29,Beauty/Health,Bath,11,15,61470544
961,32,Central US,Central US Store 66,2019-05-04,Clothing,Baby,6,12,60872554
962,51,Central US,Central US Store 66,2019-07-16,Furniture,Indoor tables,10,15,56295698
963,20,Central US,Central US Store 66,2019-03-14,Electronics,Computers,4,100,57891342
964,59,Central US,Central US Store 66,2019-03-26,Electronics,Headphones,4,200,30816772
965,17,Central US,Central US Store 66,2019-05-01,Furniture,Pool furniture,7,100,25840102
966,94,Central US,Central US Store 66,2019-06-20,Furniture,Indoor seating,9,40,27361307
967,99,Central US,Central US Store 66,2019-02-09,Clothing,Kids,5,10,68166339
968,96,Central US,Central US Store 66,2019-03-11,Clothing,Shoes,3,25,92875246
969,11,Central US,Central US Store 66,2019-06-23,Baby,Diaper bags,7,5,93943867
970,97,Central US,Central US Store 66,2019-04-28,Electronics,Tablets,4,100,66233724
971,70,Central US,Central US Store 66,2019-06-15,Beauty/Health,Makeup,6,14,51325843
972,87,Central US,Central US Store 66,2019-03-31,Electronics,Televisions,4,300,44547245
973,23,Central US,Central US Store 66,2019-03-25,Baby,Strollers,3,5,73032486
974,25,Central US,Central US Store 66,2019-01-22,Clothing,Womens,5,12,35467781
975,11,Central US,Central US Store 66,2019-01-18,Clothing,Swimwear,3,13,96363041
976,42,Central US,Central US Store 66,2019-05-10,Electronics,Cell Phones,3,50,16632433
977,4,Central US,Central US Store 66,2019-06-11,Furniture,Indoor seating,8,100,86313390
978,50,Central US,Central US Store 66,2019-02-27,Furniture,Patio furniture,3,100,25858678
979,13,Central US,Central US Store 66,2019-01-17,Baby,Car seats,3,30,51438857
980,57,Central US,Central US Store 66,2019-04-17,Clothing,Kids,5,25,12555283
981,32,Central US,Central US Store 66,2019-04-06,Furniture,Patio furniture,4,100,87185653
982,36,Central US,Central US Store 66,2019-05-13,Furniture,Indoor seating,5,100,24574732
983,76,Central US,Central US Store 66,2019-04-27,Baby,Diapers,6,15,56172070
984,22,Central US,Central US Store 66,2019-06-16,Beauty/Health,Haircare,5,6,61365614
985,17,Central US,Central US Store 66,2019-02-21,Beauty/Health,Fragrances,6,10,90574457
986,38,Central US,Central US Store 66,2019-03-01,Electronics,Computers,3,300,68085289
987,95,Central US,Central US Store 66,2019-06-09,Baby,Strollers,8,30,68829807
988,90,Central US,Central US Store 66,2019-05-04,Electronics,Tablets,4,300,63919923
989,85,Central US,Central US Store 66,2019-05-11,Baby,Diaper bags,6,30,82305433
990,101,Central US,Central US Store 66,2019-03-30,Clothing,Kids,5,12,85305927
991,8,Central US,Central US Store 66,2019-03-10,Electronics,Tablets,4,100,60372343
992,14,Central US,Central US Store 66,2019-03-27,Beauty/Health,Makeup,6,10,25173159
993,60,Central US,Central US Store 66,2019-07-12,Electronics,Tablets,4,100,66828670
994,45,Central US,Central US Store 66,2019-04-27,Baby,Diaper bags,9,30,14617000
995,27,Central US,Central US Store 66,2019-07-16,Furniture,Beds,10,75,78831765
996,53,Central US,Central US Store 66,2019-02-22,Electronics,Tablets,3,200,29622876
997,59,Central US,Central US Store 66,2019-02-01,Furniture,Indoor tables,5,15,20703844
998,78,Central US,Central US Store 66,2019-01-15,Furniture,Indoor seating,7,75,14687483
999,18,Central US,Central US Store 66,2019-05-18,Beauty/Health,Haircare,7,15,28206423
1000,49,Central US,Central US Store 66,2019-04-27,Clothing,Mens,6,20,22619691
1001,76,Central US,Central US Store 66,2019-05-11,Furniture,Indoor tables,5,15,19889162
1002,16,Central US,Central US Store 66,2019-02-13,Furniture,Pool furniture,3,75,85442302
1003,76,Central US,Central US Store 66,2019-07-09,Baby,Cribs,5,30,34583175
1004,57,Central US,Central US Store 66,2019-05-26,Furniture,Beds,8,100,86520890
1005,100,Central US,Central US Store 66,2019-05-09,Clothing,Kids,12,20,72183997
1006,40,Central US,Central US Store 66,2019-05-31,Beauty/Health,Makeup,8,10,78216339
1007,46,Central US,Central US Store 66,2019-03-23,Furniture,Patio furniture,3,30,94797997
1008,20,Central US,Central US Store 66,2019-03-09,Beauty/Health,Haircare,7,10,57097958
1009,89,Central US,Central US Store 66,2019-05-22,Beauty/Health,Haircare,12,6,42626614
1010,95,Central US,Central US Store 66,2019-02-03,Baby,Diaper bags,7,30,76538818
1011,90,Central US,Central US Store 66,2019-05-14,Electronics,Headphones,4,50,53039050
1012,70,Central US,Central US Store 66,2019-07-12,Clothing,Swimwear,10,12,77525895
1013,40,Central US,Central US Store 66,2019-02-20,Beauty/Health,Fragrances,6,10,44286471
1014,69,Central US,Central US Store 66,2019-02-03,Beauty/Health,Skincare,6,10,86010140
1015,100,Central US,Central US Store 66,2019-04-20,Beauty/Health,Skincare,9,10,28069641
1016,43,Central US,Central US Store 66,2019-03-10,Clothing,Swimwear,6,20,72692938
1017,48,Central US,Central US Store 66,2019-03-07,Beauty/Health,Skincare,3,6,66314465
1018,67,Central US,Central US Store 66,2019-02-23,Clothing,Shoes,6,25,90132140
1019,11,Central US,Central US Store 66,2019-01-17,Baby,Diapers,7,5,72755906
1020,4,Central US,Central US Store 66,2019-02-21,Electronics,Tablets,3,200,61365560
1021,57,Central US,Central US Store 66,2019-05-12,Baby,Diapers,11,12,80280508
1022,69,Central US,Central US Store 66,2019-04-24,Electronics,Cell Phones,3,50,44575162
1023,31,Central US,Central US Store 66,2019-05-05,Electronics,Cell Phones,4,300,20124534
1024,101,Central US,Central US Store 66,2019-01-03,Furniture,Pool furniture,4,30,75925084
1025,81,Central US,Central US Store 66,2019-01-29,Furniture,Indoor seating,7,100,32528178
1026,96,Central US,Central US Store 66,2019-02-27,Clothing,Womens,7,13,66069892
1027,90,Central US,Central US Store 66,2019-01-27,Baby,Cribs,7,12,62979510
1028,57,Central US,Central US Store 66,2019-01-08,Furniture,Pool furniture,3,30,81517197
1029,30,Central US,Central US Store 66,2019-06-20,Clothing,Womens,9,25,65330969
1030,81,Central US,Central US Store 66,2019-07-07,Beauty/Health,Fragrances,10,14,48565564
1031,82,Central US,Central US Store 66,2019-02-05,Beauty/Health,Feminine Products,4,14,52809723
1032,16,Central US,Central US Store 66,2019-06-17,Electronics,Computers,4,300,72287865
1033,39,Central US,Central US Store 66,2019-05-27,Furniture,Indoor tables,7,30,38917920
1034,23,Central US,Central US Store 66,2019-02-10,Baby,Strollers,6,12,33635055
1035,8,Central US,Central US Store 66,2019-07-10,Furniture,Pool furniture,10,75,73684195
1036,25,Central US,Central US Store 66,2019-02-21,Furniture,Pool furniture,7,75,24573127
1037,21,Central US,Central US Store 66,2019-04-28,Electronics,Tablets,4,100,26589681
1038,10,Central US,Central US Store 66,2019-04-12,Baby,Cribs,6,30,13547262
1039,73,Central US,Central US Store 66,2019-02-02,Electronics,Televisions,3,50,30366457
1040,58,Central US,Central US Store 66,2019-02-26,Baby,Baby toys,4,30,47491775
1041,75,Central US,Central US Store 66,2019-01-13,Furniture,Patio furniture,3,30,54699879
1042,32,Central US,Central US Store 66,2019-04-27,Electronics,Televisions,4,300,30534773
1043,90,Central US,Central US Store 66,2019-05-17,Furniture,Pool furniture,5,75,74149475
1044,62,Central US,Central US Store 66,2019-06-08,Beauty/Health,Fragrances,6,6,57026828
1045,80,Central US,Central US Store 66,2019-04-08,Electronics,Headphones,4,200,32092662
1046,24,Central US,Central US Store 66,2019-06-16,Beauty/Health,Bath,11,10,79346937
1047,100,Central US,Central US Store 66,2019-05-20,Furniture,Pool furniture,7,75,94317592
1048,57,Central US,Central US Store 66,2019-03-09,Electronics,Tablets,4,300,46805731
1049,30,Central US,Central US Store 66,2019-01-08,Clothing,Shoes,4,10,28198235
1050,59,Central US,Central US Store 66,2019-04-28,Furniture,Beds,10,30,91975428
1051,76,Central US,Central US Store 66,2019-04-22,Furniture,Patio furniture,9,75,84559532
1052,85,Central US,Central US Store 66,2019-06-28,Electronics,Speakers,4,100,21983617
1053,74,Central US,Central US Store 66,2019-06-07,Baby,Car seats,6,10,71365085
1054,43,Central US,Central US Store 66,2019-02-25,Electronics,Headphones,4,100,85767511
1055,82,Central US,Central US Store 66,2019-03-18,Baby,Cribs,6,30,34092050
1056,37,Central US,Central US Store 66,2019-06-22,Furniture,Patio furniture,5,100,73146683
1057,32,Central US,Central US Store 66,2019-07-09,Electronics,Televisions,3,200,19032841
1058,68,Central US,Central US Store 66,2019-05-11,Furniture,Indoor seating,7,75,41993609
1059,83,Central US,Central US Store 66,2019-04-11,Clothing,Shoes,5,25,53878225
1060,26,Central US,Central US Store 66,2019-03-23,Beauty/Health,Oral care,4,10,81105140
1061,37,Central US,Central US Store 66,2019-04-26,Furniture,Indoor tables,6,30,19893542
1062,40,Central US,Central US Store 66,2019-01-22,Furniture,Indoor seating,5,100,37212639
1063,64,Central US,Central US Store 66,2019-04-28,Beauty/Health,Makeup,9,10,78391330
1064,87,Central US,Central US Store 66,2019-01-22,Electronics,Headphones,4,300,23606709
1065,56,Central US,Central US Store 66,2019-02-22,Beauty/Health,Makeup,4,15,15077066
1066,61,Central US,Central US Store 66,2019-03-12,Beauty/Health,Skincare,7,10,11944609
1067,92,Central US,Central US Store 66,2019-02-13,Beauty/Health,Fragrances,4,10,47875984
1068,29,Central US,Central US Store 66,2019-05-29,Electronics,Cell Phones,3,200,76813000
1069,86,Central US,Central US Store 66,2019-07-14,Clothing,Swimwear,9,25,68002495
1070,34,Central US,Central US Store 66,2019-04-12,Beauty/Health,Bath,5,10,68841586
1071,85,Central US,Central US Store 66,2019-05-17,Clothing,Mens,12,25,32190604
1072,28,Central US,Central US Store 66,2019-06-16,Clothing,Swimwear,12,20,67602097
1073,8,Central US,Central US Store 66,2019-04-09,Baby,Cribs,5,12,93570158
1074,84,Central US,Central US Store 66,2019-03-11,Clothing,Mens,3,12,80091631
1075,72,Central US,Central US Store 66,2019-01-06,Electronics,Televisions,4,100,77231934
1076,40,Central US,Central US Store 66,2019-02-19,Beauty/Health,Skincare,7,6,85258211
1077,22,Central US,Central US Store 66,2019-02-17,Furniture,Beds,3,100,19054930
1078,90,Central US,Central US Store 66,2019-03-18,Baby,Cribs,7,15,45827949
1079,44,Central US,Central US Store 66,2019-05-12,Baby,Strollers,6,15,88888428
1080,81,Central US,Central US Store 66,2019-05-22,Beauty/Health,Haircare,5,10,68997580
1081,32,Central US,Central US Store 66,2019-03-29,Baby,Cribs,3,10,38257034
1082,66,Central US,Central US Store 66,2019-01-11,Beauty/Health,Feminine Products,4,10,18122763
1083,1,Central US,Central US Store 66,2019-05-01,Baby,Baby toys,7,10,14574432
1084,88,Central US,Central US Store 66,2019-06-19,Beauty/Health,Makeup,9,10,74697438
1085,92,Central US,Central US Store 66,2019-07-05,Beauty/Health,Makeup,7,15,89171719
1086,84,Central US,Central US Store 66,2019-06-30,Baby,Baby toys,10,30,29082081
1087,31,Central US,Central US Store 66,2019-06-25,Furniture,Patio furniture,7,100,29764407
1088,70,Central US,Central US Store 66,2019-03-16,Furniture,Indoor seating,3,40,83147161
1089,84,Central US,Central US Store 66,2019-02-14,Clothing,Shoes,6,10,99007883
1090,36,Central US,Central US Store 66,2019-01-25,Beauty/Health,Fragrances,5,6,99406749
1091,41,Central US,Central US Store 66,2019-01-08,Baby,Diapers,7,15,71965255
1092,34,Central US,Central US Store 66,2019-02-15,Clothing,Swimwear,6,25,46076832
1093,85,Central US,Central US Store 66,2019-01-28,Baby,Cribs,4,10,12930025
1094,16,Central US,Central US Store 66,2019-06-21,Electronics,Computers,3,100,43092409
1095,62,Central US,Central US Store 66,2019-02-04,Electronics,Tablets,3,100,11964826
1096,89,Central US,Central US Store 66,2019-03-10,Electronics,Headphones,4,200,38818582
1097,43,Central US,Central US Store 66,2019-01-28,Furniture,Beds,7,30,63866468
1098,73,Central US,Central US Store 66,2019-01-21,Beauty/Health,Skincare,6,10,76412758
1099,52,Central US,Central US Store 66,2019-01-03,Clothing,Kids,3,20,25748369
1100,95,Central US,Central US Store 66,2019-02-28,Beauty/Health,Feminine Products,5,6,23181110
1101,98,Central US,Central US Store 66,2019-06-24,Clothing,Mens,6,12,74268132
1102,38,Central US,Central US Store 66,2019-05-04,Beauty/Health,Feminine Products,5,6,29598157
1103,90,Central US,Central US Store 66,2019-04-27,Beauty/Health,Feminine Products,6,10,78909990
1104,91,Central US,Central US Store 66,2019-01-26,Baby,Car seats,5,10,32752795
1105,78,Central US,Central US Store 66,2019-04-16,Clothing,Kids,8,25,88507293
1106,45,Central US,Central US Store 66,2019-03-25,Clothing,Shoes,3,20,94850168
1107,80,Central US,Central US Store 66,2019-04-06,Beauty/Health,Oral care,7,15,53058107
1108,37,Central US,Central US Store 66,2019-02-28,Clothing,Womens,6,20,67582996
1109,48,Central US,Central US Store 66,2019-04-19,Baby,Cribs,8,12,13273328
1110,73,Central US,Central US Store 66,2019-05-27,Clothing,Swimwear,10,20,15438011
1111,48,Central US,Central US Store 66,2019-02-19,Electronics,Headphones,3,50,80980306
1112,61,Central US,Central US Store 66,2019-04-20,Electronics,Speakers,4,200,11767176
1113,98,Central US,Central US Store 66,2019-01-01,Baby,Baby toys,3,15,78211580
1114,42,Central US,Central US Store 66,2019-06-28,Furniture,Pool furniture,8,75,44245185
1115,33,Central US,Central US Store 66,2019-02-23,Furniture,Patio furniture,6,15,86048162
1116,58,Central US,Central US Store 66,2019-05-30,Electronics,Televisions,4,300,32897657
1117,18,Central US,Central US Store 66,2019-04-11,Beauty/Health,Skincare,10,14,84123025
1118,80,Central US,Central US Store 66,2019-05-13,Baby,Strollers,12,12,35752754
1119,23,Central US,Central US Store 66,2019-01-03,Furniture,Patio furniture,5,100,72698232
1120,83,Central US,Central US Store 66,2019-01-13,Beauty/Health,Makeup,5,10,10231545
1121,3,Central US,Central US Store 66,2019-02-15,Clothing,Womens,5,10,83156647
1122,25,Central US,Central US Store 66,2019-04-11,Furniture,Beds,8,40,32881920
1123,96,Central US,Central US Store 66,2019-07-15,Beauty/Health,Oral care,6,10,54322217
1124,34,Central US,Central US Store 66,2019-01-13,Baby,Car seats,5,15,79323633
1125,39,Central US,Central US Store 66,2019-05-15,Furniture,Pool furniture,5,40,60803656
1126,65,Central US,Central US Store 66,2019-05-07,Electronics,Cell Phones,4,100,98466523
1127,17,Central US,Central US Store 66,2019-06-19,Clothing,Baby,10,20,11115331
1128,59,Central US,Central US Store 66,2019-06-27,Beauty/Health,Makeup,7,6,75984338
1129,1,Central US,Central US Store 66,2019-03-06,Clothing,Mens,5,13,63647865
1130,27,Central US,Central US Store 66,2019-06-12,Electronics,Speakers,3,100,16590563
1131,100,Central US,Central US Store 66,2019-03-13,Furniture,Pool furniture,4,15,22753343
1132,55,Central US,Central US Store 66,2019-02-08,Furniture,Patio furniture,3,100,50340450
